event_id,facility_id,floor,zone,event_type,severity,source,description,timestamp
1,1,3,Break Area,CCTV_LOITERING,MEDIUM,CCTV,Camera CAM-F3-BreakArea detected loitering (confidence 0.97),2025-12-01 02:40:00
2,1,2,Storage,CCTV_LOITERING,HIGH,CCTV,Camera CAM-F2-Storage detected loitering (confidence 0.73),2025-12-01 05:28:00
3,1,3,Project Room,DOOR_ACCESS_DENIED,LOW,ACCESS_CONTROL,Badge BADGE-0080 denied entry at Project Room (door DOOR-F3-ProjectRoom),2025-12-01 06:45:00
4,1,2,Meeting Room 2,DOOR_ACCESS_DENIED,LOW,ACCESS_CONTROL,Badge BADGE-0031 denied entry at Meeting Room 2 (door DOOR-F2-MeetingRoom2),2025-12-01 08:24:00
5,1,2,Storage,CCTV_LOITERING,MEDIUM,CCTV,Camera CAM-F2-Storage detected loitering (confidence 0.57),2025-12-01 09:02:00
6,1,3,Project Room,DOOR_ACCESS_DENIED,LOW,ACCESS_CONTROL,Badge BADGE-0034 denied entry at Project Room (door DOOR-F3-ProjectRoom),2025-12-01 09:40:00
7,1,2,Mobile Zone,DOOR_ACCESS_DENIED,LOW,ACCESS_CONTROL,Badge BADGE-0061 denied entry at Mobile Zone (door DOOR-F2-MobileZone),2025-12-01 10:24:00
8,1,3,Storage,CCTV_MOTION_DETECTED,MEDIUM,CCTV,Camera CAM-F3-Storage detected motion detected (confidence 0.72),2025-12-01 10:50:00
9,1,2,Storage,UNAUTHORIZED_ACCESS_RESTRICTED_AREA,HIGH,ACCESS_CONTROL,Badge BADGE-0062 denied entry at Storage (door DOOR-F2-Storage),2025-12-01 10:56:00
10,1,1,Lobby,DOOR_ACCESS_DENIED,LOW,ACCESS_CONTROL,Badge BADGE-0023 denied entry at Lobby (door DOOR-F1-Lobby),2025-12-01 11:17:00
11,1,2,Office F,DOOR_ACCESS_DENIED,LOW,ACCESS_CONTROL,Badge BADGE-0038 denied entry at Office F (door DOOR-F2-OfficeF),2025-12-01 11:27:00
12,1,3,Break Area,DOOR_ACCESS_DENIED,LOW,ACCESS_CONTROL,Badge BADGE-0035 denied entry at Break Area (door DOOR-F3-BreakArea),2025-12-01 11:29:00
13,1,1,Office B,DOOR_ACCESS_DENIED,LOW,ACCESS_CONTROL,Badge BADGE-0026 denied entry at Office B (door DOOR-F1-OfficeB),2025-12-01 11:43:00
14,1,3,Office I,DOOR_ACCESS_DENIED,LOW,ACCESS_CONTROL,Badge BADGE-0042 denied entry at Office I (door DOOR-F3-OfficeI),2025-12-01 11:56:00
15,1,1,Meeting Room 1,DOOR_ACCESS_DENIED,LOW,ACCESS_CONTROL,Badge BADGE-0073 denied entry at Meeting Room 1 (door DOOR-F1-MeetingRoom1),2025-12-01 12:07:00
16,1,3,Office H,DOOR_ACCESS_DENIED,LOW,ACCESS_CONTROL,Badge BADGE-0007 denied entry at Office H (door DOOR-F3-OfficeH),2025-12-01 12:15:00
17,1,1,Office B,CCTV_LOITERING,MEDIUM,CCTV,Camera CAM-F1-OfficeB detected loitering (confidence 0.91),2025-12-01 12:33:00
18,1,3,Project Room,DOOR_ACCESS_DENIED,LOW,ACCESS_CONTROL,Badge BADGE-0083 denied entry at Project Room (door DOOR-F3-ProjectRoom),2025-12-01 12:40:00
19,1,2,Office E,DOOR_ACCESS_DENIED,LOW,ACCESS_CONTROL,Badge BADGE-0003 denied entry at Office E (door DOOR-F2-OfficeE),2025-12-01 13:08:00
20,1,1,Cafeteria,DOOR_ACCESS_DENIED,LOW,ACCESS_CONTROL,Badge BADGE-0008 denied entry at Cafeteria (door DOOR-F1-Cafeteria),2025-12-01 14:22:00
21,1,1,Conference Room,CCTV_CAMERA_OFFLINE,MEDIUM,CCTV,Camera CAM-F1-ConferenceRoom detected camera offline (confidence 0.72),2025-12-01 14:27:00
22,1,1,Storage,UNAUTHORIZED_ACCESS_RESTRICTED_AREA,HIGH,ACCESS_CONTROL,Badge BADGE-0089 denied entry at Storage (door DOOR-F1-Storage),2025-12-01 14:56:00
23,1,1,Conference Room,UNAUTHORIZED_ACCESS_RESTRICTED_AREA,HIGH,ACCESS_CONTROL,Badge BADGE-0053 denied entry at Conference Room (door DOOR-F1-ConferenceRoom),2025-12-01 15:14:00
24,1,1,Storage,UNAUTHORIZED_ACCESS_RESTRICTED_AREA,HIGH,ACCESS_CONTROL,Badge BADGE-0011 denied entry at Storage (door DOOR-F1-Storage),2025-12-01 16:03:00
25,1,1,Office A,DOOR_ACCESS_DENIED,LOW,ACCESS_CONTROL,Badge BADGE-0056 denied entry at Office A (door DOOR-F1-OfficeA),2025-12-01 16:04:00
26,1,2,Common Area,DOOR_ACCESS_DENIED,LOW,ACCESS_CONTROL,Badge BADGE-0068 denied entry at Common Area (door DOOR-F2-CommonArea),2025-12-01 16:04:00
27,1,2,Storage,CCTV_LOITERING,HIGH,CCTV,Camera CAM-F2-Storage detected loitering (confidence 0.98),2025-12-01 20:20:00
28,1,1,Office A,CCTV_TAILGATING,HIGH,CCTV,Camera CAM-F1-OfficeA detected tailgating (confidence 0.93),2025-12-01 21:07:00
29,1,2,Common Area,CCTV_LOITERING,MEDIUM,CCTV,Camera CAM-F2-CommonArea detected loitering (confidence 0.94),2025-12-01 22:44:00
30,1,2,Mobile Zone,DOOR_ACCESS_DENIED,LOW,ACCESS_CONTROL,Badge BADGE-0052 denied entry at Mobile Zone (door DOOR-F2-MobileZone),2025-12-02 10:55:00
31,1,3,Project Room,DOOR_ACCESS_DENIED,LOW,ACCESS_CONTROL,Badge BADGE-0054 denied entry at Project Room (door DOOR-F3-ProjectRoom),2025-12-02 11:18:00
32,1,3,Storage,CCTV_LOITERING,MEDIUM,CCTV,Camera CAM-F3-Storage detected loitering (confidence 0.67),2025-12-02 11:32:00
33,1,3,Meeting Room 3,DOOR_ACCESS_DENIED,LOW,ACCESS_CONTROL,Badge BADGE-0067 denied entry at Meeting Room 3 (door DOOR-F3-MeetingRoom3),2025-12-02 11:33:00
34,1,3,Break Area,DOOR_ACCESS_DENIED,LOW,ACCESS_CONTROL,Badge BADGE-0077 denied entry at Break Area (door DOOR-F3-BreakArea),2025-12-02 11:41:00
35,1,3,Project Room,DOOR_ACCESS_DENIED,LOW,ACCESS_CONTROL,Badge BADGE-0076 denied entry at Project Room (door DOOR-F3-ProjectRoom),2025-12-02 11:45:00
36,1,1,Office D,DOOR_ACCESS_DENIED,LOW,ACCESS_CONTROL,Badge BADGE-0075 denied entry at Office D (door DOOR-F1-OfficeD),2025-12-02 11:58:00
37,1,3,Project Room,DOOR_ACCESS_DENIED,LOW,ACCESS_CONTROL,Badge BADGE-0001 denied entry at Project Room (door DOOR-F3-ProjectRoom),2025-12-02 12:08:00
38,1,3,Storage,VISITOR_UNESCORTED_RESTRICTED_ZONE,HIGH,VISITOR_TRACKING,"Visitor Chris Almeida (VIS-0031, hosted by Suresh Chatterjee) entered restricted zone Storage unescorted",2025-12-02 12:12:40
39,1,1,Cafeteria,DOOR_ACCESS_DENIED,LOW,ACCESS_CONTROL,Badge BADGE-0018 denied entry at Cafeteria (door DOOR-F1-Cafeteria),2025-12-02 13:11:00
40,1,2,Meeting Room 2,CCTV_OBJECT_LEFT_UNATTENDED,MEDIUM,CCTV,Camera CAM-F2-MeetingRoom2 detected object left unattended (confidence 0.7),2025-12-02 14:29:00
41,1,1,Cafeteria,CCTV_OBJECT_LEFT_UNATTENDED,MEDIUM,CCTV,Camera CAM-F1-Cafeteria detected object left unattended (confidence 0.86),2025-12-02 14:46:00
42,1,3,Storage,UNAUTHORIZED_ACCESS_RESTRICTED_AREA,HIGH,ACCESS_CONTROL,Badge BADGE-0055 denied entry at Storage (door DOOR-F3-Storage),2025-12-02 15:32:00
43,1,1,Cafeteria,DOOR_ACCESS_DENIED,LOW,ACCESS_CONTROL,Badge BADGE-0090 denied entry at Cafeteria (door DOOR-F1-Cafeteria),2025-12-02 17:04:00
44,1,3,Project Room,CCTV_LOITERING,MEDIUM,CCTV,Camera CAM-F3-ProjectRoom detected loitering (confidence 0.8),2025-12-02 18:04:00
45,1,1,Office D,CCTV_OBJECT_LEFT_UNATTENDED,MEDIUM,CCTV,Camera CAM-F1-OfficeD detected object left unattended (confidence 0.75),2025-12-02 19:12:00
46,1,1,Meeting Room 1,CCTV_LOITERING,MEDIUM,CCTV,Camera CAM-F1-MeetingRoom1 detected loitering (confidence 0.67),2025-12-02 19:51:00
47,1,2,Storage,AFTER_HOURS_RESTRICTED_ACCESS,MEDIUM,ACCESS_CONTROL,Badge BADGE-0046 accessed Storage outside working hours,2025-12-02 19:53:00
48,1,2,Storage,AFTER_HOURS_RESTRICTED_ACCESS,MEDIUM,ACCESS_CONTROL,Badge BADGE-0073 accessed Storage outside working hours,2025-12-02 21:01:00
49,1,1,Conference Room,AFTER_HOURS_RESTRICTED_ACCESS,MEDIUM,ACCESS_CONTROL,Badge BADGE-0024 accessed Conference Room outside working hours,2025-12-02 21:37:00
50,1,3,Project Room,DOOR_ACCESS_DENIED,LOW,ACCESS_CONTROL,Badge BADGE-0083 denied entry at Project Room (door DOOR-F3-ProjectRoom),2025-12-03 06:39:00
51,1,3,Office G,CCTV_TAILGATING,HIGH,CCTV,Camera CAM-F3-OfficeG detected tailgating (confidence 0.72),2025-12-03 07:21:00
52,1,3,Project Room,DOOR_ACCESS_DENIED,LOW,ACCESS_CONTROL,Badge BADGE-0051 denied entry at Project Room (door DOOR-F3-ProjectRoom),2025-12-03 08:18:00
53,1,1,Office A,DOOR_ACCESS_DENIED,LOW,ACCESS_CONTROL,Badge BADGE-0076 denied entry at Office A (door DOOR-F1-OfficeA),2025-12-03 08:57:00
54,1,3,Office G,CCTV_LOITERING,MEDIUM,CCTV,Camera CAM-F3-OfficeG detected loitering (confidence 0.68),2025-12-03 09:18:00
55,1,3,Project Room,DOOR_ACCESS_DENIED,LOW,ACCESS_CONTROL,Badge BADGE-0049 denied entry at Project Room (door DOOR-F3-ProjectRoom),2025-12-03 09:49:00
56,1,1,Office C,DOOR_ACCESS_DENIED,LOW,ACCESS_CONTROL,Badge BADGE-0001 denied entry at Office C (door DOOR-F1-OfficeC),2025-12-03 10:16:00
57,1,1,Office A,DOOR_ACCESS_DENIED,LOW,ACCESS_CONTROL,Badge BADGE-0031 denied entry at Office A (door DOOR-F1-OfficeA),2025-12-03 11:09:00
58,1,3,Project Room,DOOR_ACCESS_DENIED,LOW,ACCESS_CONTROL,Badge BADGE-0066 denied entry at Project Room (door DOOR-F3-ProjectRoom),2025-12-03 11:10:00
59,1,3,Meeting Room 3,DOOR_ACCESS_DENIED,LOW,ACCESS_CONTROL,Badge BADGE-0072 denied entry at Meeting Room 3 (door DOOR-F3-MeetingRoom3),2025-12-03 11:23:00
60,1,1,Office B,DOOR_ACCESS_DENIED,LOW,ACCESS_CONTROL,Badge BADGE-0039 denied entry at Office B (door DOOR-F1-OfficeB),2025-12-03 11:34:00
61,1,1,Meeting Room 1,DOOR_ACCESS_DENIED,LOW,ACCESS_CONTROL,Badge BADGE-0063 denied entry at Meeting Room 1 (door DOOR-F1-MeetingRoom1),2025-12-03 11:40:00
62,1,2,Common Area,DOOR_ACCESS_DENIED,LOW,ACCESS_CONTROL,Badge BADGE-0049 denied entry at Common Area (door DOOR-F2-CommonArea),2025-12-03 12:06:00
63,1,1,Conference Room,CCTV_MOTION_DETECTED,MEDIUM,CCTV,Camera CAM-F1-ConferenceRoom detected motion detected (confidence 0.77),2025-12-03 13:07:00
64,1,3,Storage,UNAUTHORIZED_ACCESS_RESTRICTED_AREA,HIGH,ACCESS_CONTROL,Badge BADGE-0052 denied entry at Storage (door DOOR-F3-Storage),2025-12-03 13:11:00
65,1,1,Conference Room,UNAUTHORIZED_ACCESS_RESTRICTED_AREA,HIGH,ACCESS_CONTROL,Badge BADGE-0039 denied entry at Conference Room (door DOOR-F1-ConferenceRoom),2025-12-03 14:10:00
66,1,2,Office E,DOOR_ACCESS_DENIED,LOW,ACCESS_CONTROL,Badge BADGE-0016 denied entry at Office E (door DOOR-F2-OfficeE),2025-12-03 14:50:00
67,1,3,Common Area,CCTV_OBJECT_LEFT_UNATTENDED,MEDIUM,CCTV,Camera CAM-F3-CommonArea detected object left unattended (confidence 0.59),2025-12-03 15:32:00
68,1,1,Office A,CCTV_LOITERING,MEDIUM,CCTV,Camera CAM-F1-OfficeA detected loitering (confidence 0.74),2025-12-03 22:33:00
69,1,3,Meeting Room 3,CCTV_TAILGATING,HIGH,CCTV,Camera CAM-F3-MeetingRoom3 detected tailgating (confidence 0.62),2025-12-04 07:32:00
70,1,3,Project Room,DOOR_ACCESS_DENIED,LOW,ACCESS_CONTROL,Badge BADGE-0014 denied entry at Project Room (door DOOR-F3-ProjectRoom),2025-12-04 08:00:00
71,1,3,Project Room,DOOR_ACCESS_DENIED,LOW,ACCESS_CONTROL,Badge BADGE-0032 denied entry at Project Room (door DOOR-F3-ProjectRoom),2025-12-04 08:27:00
72,1,3,Office I,DOOR_ACCESS_DENIED,LOW,ACCESS_CONTROL,Badge BADGE-0075 denied entry at Office I (door DOOR-F3-OfficeI),2025-12-04 08:41:00
73,1,3,Project Room,DOOR_ACCESS_DENIED,LOW,ACCESS_CONTROL,Badge BADGE-0021 denied entry at Project Room (door DOOR-F3-ProjectRoom),2025-12-04 08:52:00
74,1,3,Project Room,DOOR_ACCESS_DENIED,LOW,ACCESS_CONTROL,Badge BADGE-0088 denied entry at Project Room (door DOOR-F3-ProjectRoom),2025-12-04 09:15:00
75,1,3,Project Room,DOOR_ACCESS_DENIED,LOW,ACCESS_CONTROL,Badge BADGE-0072 denied entry at Project Room (door DOOR-F3-ProjectRoom),2025-12-04 09:30:00
76,1,2,Mobile Zone,DOOR_ACCESS_DENIED,LOW,ACCESS_CONTROL,Badge BADGE-0023 denied entry at Mobile Zone (door DOOR-F2-MobileZone),2025-12-04 09:40:00
77,1,3,Storage,CCTV_MOTION_DETECTED,MEDIUM,CCTV,Camera CAM-F3-Storage detected motion detected (confidence 0.91),2025-12-04 10:13:00
78,1,3,Project Room,DOOR_ACCESS_DENIED,LOW,ACCESS_CONTROL,Badge BADGE-0003 denied entry at Project Room (door DOOR-F3-ProjectRoom),2025-12-04 10:48:00
79,1,3,Project Room,DOOR_ACCESS_DENIED,LOW,ACCESS_CONTROL,Badge BADGE-0016 denied entry at Project Room (door DOOR-F3-ProjectRoom),2025-12-04 10:57:00
80,1,3,Office G,DOOR_ACCESS_DENIED,LOW,ACCESS_CONTROL,Badge BADGE-0075 denied entry at Office G (door DOOR-F3-OfficeG),2025-12-04 11:23:00
81,1,3,Project Room,DOOR_ACCESS_DENIED,LOW,ACCESS_CONTROL,Badge BADGE-0019 denied entry at Project Room (door DOOR-F3-ProjectRoom),2025-12-04 12:05:00
82,1,3,Office G,CCTV_TAILGATING,HIGH,CCTV,Camera CAM-F3-OfficeG detected tailgating (confidence 0.95),2025-12-04 12:23:00
83,1,3,Office I,DOOR_ACCESS_DENIED,LOW,ACCESS_CONTROL,Badge BADGE-0003 denied entry at Office I (door DOOR-F3-OfficeI),2025-12-04 12:57:00
84,1,1,Office C,CCTV_OBJECT_LEFT_UNATTENDED,MEDIUM,CCTV,Camera CAM-F1-OfficeC detected object left unattended (confidence 0.89),2025-12-04 13:08:00
85,1,3,Project Room,DOOR_ACCESS_DENIED,LOW,ACCESS_CONTROL,Badge BADGE-0080 denied entry at Project Room (door DOOR-F3-ProjectRoom),2025-12-04 13:44:00
86,1,2,Storage,CCTV_LOITERING,MEDIUM,CCTV,Camera CAM-F2-Storage detected loitering (confidence 0.95),2025-12-04 13:47:00
87,1,2,Mobile Zone,CCTV_OBJECT_LEFT_UNATTENDED,MEDIUM,CCTV,Camera CAM-F2-MobileZone detected object left unattended (confidence 0.91),2025-12-04 13:49:00
88,1,3,Project Room,DOOR_ACCESS_DENIED,LOW,ACCESS_CONTROL,Badge BADGE-0083 denied entry at Project Room (door DOOR-F3-ProjectRoom),2025-12-04 14:31:00
89,1,2,Common Area,DOOR_ACCESS_DENIED,LOW,ACCESS_CONTROL,Badge BADGE-0064 denied entry at Common Area (door DOOR-F2-CommonArea),2025-12-04 15:24:00
90,1,1,Conference Room,CCTV_MOTION_DETECTED,MEDIUM,CCTV,Camera CAM-F1-ConferenceRoom detected motion detected (confidence 0.97),2025-12-04 16:05:00
91,1,1,Meeting Room 1,DOOR_ACCESS_DENIED,LOW,ACCESS_CONTROL,Badge BADGE-0015 denied entry at Meeting Room 1 (door DOOR-F1-MeetingRoom1),2025-12-04 16:13:00
92,1,3,Storage,CCTV_LOITERING,MEDIUM,CCTV,Camera CAM-F3-Storage detected loitering (confidence 0.76),2025-12-04 17:25:00
93,1,3,Storage,UNAUTHORIZED_ACCESS_RESTRICTED_AREA,HIGH,ACCESS_CONTROL,Badge BADGE-0055 denied entry at Storage (door DOOR-F3-Storage),2025-12-04 17:38:00
94,1,3,Break Area,CCTV_TAILGATING,HIGH,CCTV,Camera CAM-F3-BreakArea detected tailgating (confidence 0.64),2025-12-04 19:32:00
95,1,1,Conference Room,CCTV_MOTION_DETECTED,MEDIUM,CCTV,Camera CAM-F1-ConferenceRoom detected motion detected (confidence 0.74),2025-12-04 20:43:00
96,1,1,Conference Room,CCTV_TAILGATING,CRITICAL,CCTV,Camera CAM-F1-ConferenceRoom detected tailgating (confidence 0.73),2025-12-04 20:43:00
97,1,1,Office D,CCTV_LOITERING,MEDIUM,CCTV,Camera CAM-F1-OfficeD detected loitering (confidence 0.6),2025-12-04 20:57:00
98,1,2,Storage,CCTV_LOITERING,HIGH,CCTV,Camera CAM-F2-Storage detected loitering (confidence 0.67),2025-12-04 23:05:00
99,1,1,Meeting Room 1,CCTV_TAILGATING,HIGH,CCTV,Camera CAM-F1-MeetingRoom1 detected tailgating (confidence 0.96),2025-12-05 02:42:00
100,1,1,Meeting Room 1,CCTV_LOITERING,MEDIUM,CCTV,Camera CAM-F1-MeetingRoom1 detected loitering (confidence 0.81),2025-12-05 04:51:00
101,1,1,Meeting Room 1,DOOR_ACCESS_DENIED,LOW,ACCESS_CONTROL,Badge BADGE-0085 denied entry at Meeting Room 1 (door DOOR-F1-MeetingRoom1),2025-12-05 07:51:00
102,1,1,Lobby,DOOR_ACCESS_DENIED,LOW,ACCESS_CONTROL,Badge BADGE-0025 denied entry at Lobby (door DOOR-F1-Lobby),2025-12-05 10:27:00
103,1,1,Storage,CCTV_LOITERING,MEDIUM,CCTV,Camera CAM-F1-Storage detected loitering (confidence 0.92),2025-12-05 11:05:00
104,1,2,Office E,DOOR_ACCESS_DENIED,LOW,ACCESS_CONTROL,Badge BADGE-0019 denied entry at Office E (door DOOR-F2-OfficeE),2025-12-05 11:50:00
105,1,1,Office B,DOOR_ACCESS_DENIED,LOW,ACCESS_CONTROL,Badge BADGE-0063 denied entry at Office B (door DOOR-F1-OfficeB),2025-12-05 12:12:00
106,1,1,Conference Room,CCTV_MOTION_DETECTED,MEDIUM,CCTV,Camera CAM-F1-ConferenceRoom detected motion detected (confidence 0.56),2025-12-05 12:43:00
107,1,2,Office E,DOOR_ACCESS_DENIED,LOW,ACCESS_CONTROL,Badge BADGE-0077 denied entry at Office E (door DOOR-F2-OfficeE),2025-12-05 12:51:00
108,1,3,Project Room,DOOR_ACCESS_DENIED,LOW,ACCESS_CONTROL,Badge BADGE-0034 denied entry at Project Room (door DOOR-F3-ProjectRoom),2025-12-05 13:21:00
109,1,3,Project Room,DOOR_ACCESS_DENIED,LOW,ACCESS_CONTROL,Badge BADGE-0059 denied entry at Project Room (door DOOR-F3-ProjectRoom),2025-12-05 13:33:00
110,1,2,Meeting Room 2,CCTV_OBJECT_LEFT_UNATTENDED,MEDIUM,CCTV,Camera CAM-F2-MeetingRoom2 detected object left unattended (confidence 0.86),2025-12-05 13:45:00
111,1,3,Storage,CCTV_MOTION_DETECTED,MEDIUM,CCTV,Camera CAM-F3-Storage detected motion detected (confidence 0.65),2025-12-05 14:09:00
112,1,2,Storage,AFTER_HOURS_RESTRICTED_ACCESS,MEDIUM,ACCESS_CONTROL,Badge BADGE-0057 accessed Storage outside working hours,2025-12-05 19:07:00
113,1,2,Storage,AFTER_HOURS_RESTRICTED_ACCESS,MEDIUM,ACCESS_CONTROL,Badge BADGE-0028 accessed Storage outside working hours,2025-12-05 19:28:00
114,1,2,Storage,CCTV_CROWD_DETECTED,MEDIUM,CCTV,Camera CAM-F2-Storage detected crowd detected (confidence 0.77),2025-12-05 20:14:00
115,1,1,Office A,CCTV_LOITERING,MEDIUM,CCTV,Camera CAM-F1-OfficeA detected loitering (confidence 0.8),2025-12-05 21:53:00
116,1,3,Break Area,CCTV_LOITERING,MEDIUM,CCTV,Camera CAM-F3-BreakArea detected loitering (confidence 0.78),2025-12-05 22:01:00
117,1,3,Break Area,CCTV_LOITERING,MEDIUM,CCTV,Camera CAM-F3-BreakArea detected loitering (confidence 0.93),2025-12-06 06:43:00
118,1,1,Conference Room,CCTV_MOTION_DETECTED,MEDIUM,CCTV,Camera CAM-F1-ConferenceRoom detected motion detected (confidence 0.65),2025-12-06 08:02:00
119,1,3,Office H,CCTV_OBJECT_LEFT_UNATTENDED,MEDIUM,CCTV,Camera CAM-F3-OfficeH detected object left unattended (confidence 0.84),2025-12-06 08:25:00
120,1,3,Break Area,DOOR_ACCESS_DENIED,LOW,ACCESS_CONTROL,Badge BADGE-0013 denied entry at Break Area (door DOOR-F3-BreakArea),2025-12-06 08:27:00
121,1,2,Meeting Room 2,DOOR_ACCESS_DENIED,LOW,ACCESS_CONTROL,Badge BADGE-0027 denied entry at Meeting Room 2 (door DOOR-F2-MeetingRoom2),2025-12-06 11:17:00
122,1,2,Storage,AFTER_HOURS_RESTRICTED_ACCESS,MEDIUM,ACCESS_CONTROL,Badge BADGE-0002 accessed Storage outside working hours,2025-12-06 11:46:00
123,1,1,Storage,AFTER_HOURS_RESTRICTED_ACCESS,MEDIUM,ACCESS_CONTROL,Badge BADGE-0027 accessed Storage outside working hours,2025-12-06 12:19:00
124,1,3,Break Area,CCTV_LOITERING,MEDIUM,CCTV,Camera CAM-F3-BreakArea detected loitering (confidence 0.82),2025-12-06 12:57:00
125,1,3,Storage,AFTER_HOURS_RESTRICTED_ACCESS,MEDIUM,ACCESS_CONTROL,Badge BADGE-0069 accessed Storage outside working hours,2025-12-06 13:00:00
126,1,3,Storage,CCTV_CROWD_DETECTED,MEDIUM,CCTV,Camera CAM-F3-Storage detected crowd detected (confidence 0.63),2025-12-06 13:05:00
127,1,3,Storage,AFTER_HOURS_RESTRICTED_ACCESS,MEDIUM,ACCESS_CONTROL,Badge BADGE-0005 accessed Storage outside working hours,2025-12-06 14:10:00
128,1,1,Office A,CCTV_LOITERING,MEDIUM,CCTV,Camera CAM-F1-OfficeA detected loitering (confidence 0.7),2025-12-06 15:11:00
129,1,2,Storage,AFTER_HOURS_RESTRICTED_ACCESS,MEDIUM,ACCESS_CONTROL,Badge BADGE-0042 accessed Storage outside working hours,2025-12-06 15:19:00
130,1,2,Storage,AFTER_HOURS_RESTRICTED_ACCESS,MEDIUM,ACCESS_CONTROL,Badge BADGE-0024 accessed Storage outside working hours,2025-12-06 15:22:00
131,1,1,Cafeteria,DOOR_ACCESS_DENIED,LOW,ACCESS_CONTROL,Badge BADGE-0084 denied entry at Cafeteria (door DOOR-F1-Cafeteria),2025-12-06 16:36:00
132,1,3,Storage,CCTV_MOTION_DETECTED,MEDIUM,CCTV,Camera CAM-F3-Storage detected motion detected (confidence 0.98),2025-12-06 17:30:00
133,1,3,Break Area,CCTV_OBJECT_LEFT_UNATTENDED,MEDIUM,CCTV,Camera CAM-F3-BreakArea detected object left unattended (confidence 0.88),2025-12-06 17:45:00
134,1,2,Storage,REPEATED_UNAUTHORIZED_ACCESS,CRITICAL,ACCESS_CONTROL,Badge BADGE-0084 denied entry at Storage (door DOOR-F2-Storage),2025-12-06 18:08:00
135,1,2,Storage,CCTV_LOITERING,HIGH,CCTV,Camera CAM-F2-Storage detected loitering (confidence 0.94),2025-12-06 18:24:00
136,1,2,Office F,CCTV_LOITERING,MEDIUM,CCTV,Camera CAM-F2-OfficeF detected loitering (confidence 0.98),2025-12-06 18:24:00
137,1,1,Storage,AFTER_HOURS_RESTRICTED_ACCESS,MEDIUM,ACCESS_CONTROL,Badge BADGE-0025 accessed Storage outside working hours,2025-12-06 19:44:00
138,1,2,Storage,CCTV_LOITERING,HIGH,CCTV,Camera CAM-F2-Storage detected loitering (confidence 0.64),2025-12-06 20:47:00
139,1,1,Conference Room,CCTV_LOITERING,HIGH,CCTV,Camera CAM-F1-ConferenceRoom detected loitering (confidence 0.64),2025-12-07 00:21:00
140,1,2,Storage,CCTV_TAILGATING,CRITICAL,CCTV,Camera CAM-F2-Storage detected tailgating (confidence 0.8),2025-12-07 02:17:00
141,1,1,Storage,CCTV_LOITERING,HIGH,CCTV,Camera CAM-F1-Storage detected loitering (confidence 0.93),2025-12-07 03:37:00
142,1,1,Office B,CCTV_LOITERING,MEDIUM,CCTV,Camera CAM-F1-OfficeB detected loitering (confidence 0.95),2025-12-07 03:47:00
143,1,3,Office G,CCTV_OBJECT_LEFT_UNATTENDED,MEDIUM,CCTV,Camera CAM-F3-OfficeG detected object left unattended (confidence 0.99),2025-12-07 07:06:00
144,1,1,Office A,CCTV_TAILGATING,HIGH,CCTV,Camera CAM-F1-OfficeA detected tailgating (confidence 0.88),2025-12-07 07:53:00
145,1,1,Lobby,CCTV_CAMERA_OFFLINE,MEDIUM,CCTV,Camera CAM-F1-Lobby detected camera offline (confidence 0.78),2025-12-07 09:09:00
146,1,3,Office I,CCTV_LOITERING,MEDIUM,CCTV,Camera CAM-F3-OfficeI detected loitering (confidence 0.7),2025-12-07 10:29:00
147,1,3,Storage,CCTV_MOTION_DETECTED,MEDIUM,CCTV,Camera CAM-F3-Storage detected motion detected (confidence 0.74),2025-12-07 10:48:00
148,1,1,Conference Room,CCTV_OBJECT_LEFT_UNATTENDED,MEDIUM,CCTV,Camera CAM-F1-ConferenceRoom detected object left unattended (confidence 0.74),2025-12-07 10:55:00
149,1,2,Storage,AFTER_HOURS_RESTRICTED_ACCESS,MEDIUM,ACCESS_CONTROL,Badge BADGE-0070 accessed Storage outside working hours,2025-12-07 11:36:00
150,1,3,Storage,AFTER_HOURS_RESTRICTED_ACCESS,MEDIUM,ACCESS_CONTROL,Badge BADGE-0085 accessed Storage outside working hours,2025-12-07 12:23:00
151,1,3,Storage,AFTER_HOURS_RESTRICTED_ACCESS,MEDIUM,ACCESS_CONTROL,Badge BADGE-0052 accessed Storage outside working hours,2025-12-07 12:33:00
152,1,2,Storage,AFTER_HOURS_RESTRICTED_ACCESS,MEDIUM,ACCESS_CONTROL,Badge BADGE-0036 accessed Storage outside working hours,2025-12-07 14:02:00
153,1,3,Office H,CCTV_OBJECT_LEFT_UNATTENDED,MEDIUM,CCTV,Camera CAM-F3-OfficeH detected object left unattended (confidence 0.69),2025-12-07 15:29:00
154,1,2,Storage,CCTV_TAILGATING,CRITICAL,CCTV,Camera CAM-F2-Storage detected tailgating (confidence 0.71),2025-12-07 15:33:00
155,1,1,Conference Room,AFTER_HOURS_RESTRICTED_ACCESS,MEDIUM,ACCESS_CONTROL,Badge BADGE-0001 accessed Conference Room outside working hours,2025-12-07 15:34:00
156,1,1,Storage,AFTER_HOURS_RESTRICTED_ACCESS,MEDIUM,ACCESS_CONTROL,Badge BADGE-0069 accessed Storage outside working hours,2025-12-07 16:14:00
157,1,2,Meeting Room 2,DOOR_ACCESS_DENIED,LOW,ACCESS_CONTROL,Badge BADGE-0084 denied entry at Meeting Room 2 (door DOOR-F2-MeetingRoom2),2025-12-07 16:37:00
158,1,1,Conference Room,AFTER_HOURS_RESTRICTED_ACCESS,MEDIUM,ACCESS_CONTROL,Badge BADGE-0084 accessed Conference Room outside working hours,2025-12-07 17:07:00
159,1,1,Storage,CCTV_CAMERA_OFFLINE,MEDIUM,CCTV,Camera CAM-F1-Storage detected camera offline (confidence 0.8),2025-12-07 18:17:00
160,1,3,Common Area,CCTV_LOITERING,MEDIUM,CCTV,Camera CAM-F3-CommonArea detected loitering (confidence 0.86),2025-12-07 19:30:00
161,1,3,Common Area,CCTV_TAILGATING,HIGH,CCTV,Camera CAM-F3-CommonArea detected tailgating (confidence 0.81),2025-12-07 20:14:00
162,1,1,Storage,CCTV_CROWD_DETECTED,MEDIUM,CCTV,Camera CAM-F1-Storage detected crowd detected (confidence 0.56),2025-12-07 20:29:00
163,1,2,Common Area,CCTV_LOITERING,MEDIUM,CCTV,Camera CAM-F2-CommonArea detected loitering (confidence 0.64),2025-12-08 04:00:00
164,1,1,Storage,CCTV_MOTION_DETECTED,MEDIUM,CCTV,Camera CAM-F1-Storage detected motion detected (confidence 0.72),2025-12-08 07:51:00
165,1,3,Project Room,DOOR_ACCESS_DENIED,LOW,ACCESS_CONTROL,Badge BADGE-0022 denied entry at Project Room (door DOOR-F3-ProjectRoom),2025-12-08 08:13:00
166,1,3,Meeting Room 3,DOOR_ACCESS_DENIED,LOW,ACCESS_CONTROL,Badge BADGE-0010 denied entry at Meeting Room 3 (door DOOR-F3-MeetingRoom3),2025-12-08 08:44:00
167,1,3,Project Room,DOOR_ACCESS_DENIED,LOW,ACCESS_CONTROL,Badge BADGE-0016 denied entry at Project Room (door DOOR-F3-ProjectRoom),2025-12-08 09:14:00
168,1,2,Office F,DOOR_ACCESS_DENIED,LOW,ACCESS_CONTROL,Badge BADGE-0037 denied entry at Office F (door DOOR-F2-OfficeF),2025-12-08 11:16:00
169,1,3,Office I,CCTV_OBJECT_LEFT_UNATTENDED,MEDIUM,CCTV,Camera CAM-F3-OfficeI detected object left unattended (confidence 0.83),2025-12-08 11:40:00
170,1,3,Project Room,DOOR_ACCESS_DENIED,LOW,ACCESS_CONTROL,Badge BADGE-0044 denied entry at Project Room (door DOOR-F3-ProjectRoom),2025-12-08 12:34:00
171,1,2,Meeting Room 2,DOOR_ACCESS_DENIED,LOW,ACCESS_CONTROL,Badge BADGE-0021 denied entry at Meeting Room 2 (door DOOR-F2-MeetingRoom2),2025-12-08 12:45:00
172,1,2,Mobile Zone,CCTV_TAILGATING,HIGH,CCTV,Camera CAM-F2-MobileZone detected tailgating (confidence 0.72),2025-12-08 12:47:00
173,1,1,Office D,DOOR_ACCESS_DENIED,LOW,ACCESS_CONTROL,Badge BADGE-0056 denied entry at Office D (door DOOR-F1-OfficeD),2025-12-08 14:10:00
174,1,1,Conference Room,CCTV_LOITERING,MEDIUM,CCTV,Camera CAM-F1-ConferenceRoom detected loitering (confidence 0.91),2025-12-08 15:14:00
175,1,3,Meeting Room 3,CCTV_OBJECT_LEFT_UNATTENDED,MEDIUM,CCTV,Camera CAM-F3-MeetingRoom3 detected object left unattended (confidence 0.78),2025-12-08 16:26:00
176,1,3,Common Area,CCTV_TAILGATING,HIGH,CCTV,Camera CAM-F3-CommonArea detected tailgating (confidence 0.78),2025-12-08 20:19:00
177,1,1,Cafeteria,CCTV_TAILGATING,HIGH,CCTV,Camera CAM-F1-Cafeteria detected tailgating (confidence 0.85),2025-12-08 21:16:00
178,1,1,Conference Room,CCTV_TAILGATING,CRITICAL,CCTV,Camera CAM-F1-ConferenceRoom detected tailgating (confidence 0.99),2025-12-09 04:11:00
179,1,3,Project Room,DOOR_ACCESS_DENIED,LOW,ACCESS_CONTROL,Badge BADGE-0076 denied entry at Project Room (door DOOR-F3-ProjectRoom),2025-12-09 06:33:00
180,1,3,Common Area,CCTV_TAILGATING,HIGH,CCTV,Camera CAM-F3-CommonArea detected tailgating (confidence 0.88),2025-12-09 07:56:00
181,1,1,Lobby,DOOR_ACCESS_DENIED,LOW,ACCESS_CONTROL,Badge BADGE-0081 denied entry at Lobby (door DOOR-F1-Lobby),2025-12-09 08:42:00
182,1,1,Cafeteria,DOOR_ACCESS_DENIED,LOW,ACCESS_CONTROL,Badge BADGE-0053 denied entry at Cafeteria (door DOOR-F1-Cafeteria),2025-12-09 08:46:00
183,1,3,Meeting Room 3,DOOR_ACCESS_DENIED,LOW,ACCESS_CONTROL,Badge BADGE-0015 denied entry at Meeting Room 3 (door DOOR-F3-MeetingRoom3),2025-12-09 09:54:00
184,1,1,Meeting Room 1,DOOR_ACCESS_DENIED,LOW,ACCESS_CONTROL,Badge BADGE-0083 denied entry at Meeting Room 1 (door DOOR-F1-MeetingRoom1),2025-12-09 10:07:00
185,1,3,Project Room,DOOR_ACCESS_DENIED,LOW,ACCESS_CONTROL,Badge BADGE-0034 denied entry at Project Room (door DOOR-F3-ProjectRoom),2025-12-09 10:17:00
186,1,2,Office E,DOOR_ACCESS_DENIED,LOW,ACCESS_CONTROL,Badge BADGE-0002 denied entry at Office E (door DOOR-F2-OfficeE),2025-12-09 10:32:00
187,1,3,Project Room,DOOR_ACCESS_DENIED,LOW,ACCESS_CONTROL,Badge BADGE-0020 denied entry at Project Room (door DOOR-F3-ProjectRoom),2025-12-09 10:39:00
188,1,3,Storage,UNAUTHORIZED_ACCESS_RESTRICTED_AREA,HIGH,ACCESS_CONTROL,Badge BADGE-0061 denied entry at Storage (door DOOR-F3-Storage),2025-12-09 10:45:00
189,1,1,Storage,UNAUTHORIZED_ACCESS_RESTRICTED_AREA,HIGH,ACCESS_CONTROL,Badge BADGE-0067 denied entry at Storage (door DOOR-F1-Storage),2025-12-09 11:17:00
190,1,1,Lobby,CCTV_CAMERA_OFFLINE,MEDIUM,CCTV,Camera CAM-F1-Lobby detected camera offline (confidence 0.71),2025-12-09 11:37:00
191,1,1,Conference Room,UNAUTHORIZED_ACCESS_RESTRICTED_AREA,HIGH,ACCESS_CONTROL,Badge BADGE-0024 denied entry at Conference Room (door DOOR-F1-ConferenceRoom),2025-12-09 11:47:00
192,1,3,Project Room,DOOR_ACCESS_DENIED,LOW,ACCESS_CONTROL,Badge BADGE-0066 denied entry at Project Room (door DOOR-F3-ProjectRoom),2025-12-09 11:54:00
193,1,3,Common Area,DOOR_ACCESS_DENIED,LOW,ACCESS_CONTROL,Badge BADGE-0044 denied entry at Common Area (door DOOR-F3-CommonArea),2025-12-09 11:54:00
194,1,1,Office D,DOOR_ACCESS_DENIED,LOW,ACCESS_CONTROL,Badge BADGE-0086 denied entry at Office D (door DOOR-F1-OfficeD),2025-12-09 13:08:00
195,1,3,Project Room,DOOR_ACCESS_DENIED,LOW,ACCESS_CONTROL,Badge BADGE-0012 denied entry at Project Room (door DOOR-F3-ProjectRoom),2025-12-09 13:11:00
196,1,2,Storage,CCTV_TAILGATING,HIGH,CCTV,Camera CAM-F2-Storage detected tailgating (confidence 0.69),2025-12-09 13:32:00
197,1,1,Office A,DOOR_ACCESS_DENIED,LOW,ACCESS_CONTROL,Badge BADGE-0027 denied entry at Office A (door DOOR-F1-OfficeA),2025-12-09 13:43:00
198,1,1,Office D,MULTIPLE_FAILED_ACCESS_ATTEMPTS,MEDIUM,ACCESS_CONTROL,Badge BADGE-0027 denied entry at Office D (door DOOR-F1-OfficeD),2025-12-09 14:49:00
199,1,3,Meeting Room 3,DOOR_ACCESS_DENIED,LOW,ACCESS_CONTROL,Badge BADGE-0075 denied entry at Meeting Room 3 (door DOOR-F3-MeetingRoom3),2025-12-09 15:10:00
200,1,3,Storage,CCTV_MOTION_DETECTED,MEDIUM,CCTV,Camera CAM-F3-Storage detected motion detected (confidence 0.66),2025-12-09 20:19:00
201,1,1,Cafeteria,CCTV_TAILGATING,HIGH,CCTV,Camera CAM-F1-Cafeteria detected tailgating (confidence 0.82),2025-12-09 21:14:00
202,1,1,Lobby,CCTV_OBJECT_LEFT_UNATTENDED,MEDIUM,CCTV,Camera CAM-F1-Lobby detected object left unattended (confidence 0.6),2025-12-10 08:49:00
203,1,1,Office D,DOOR_ACCESS_DENIED,LOW,ACCESS_CONTROL,Badge BADGE-0029 denied entry at Office D (door DOOR-F1-OfficeD),2025-12-10 09:33:00
204,1,1,Cafeteria,DOOR_ACCESS_DENIED,LOW,ACCESS_CONTROL,Badge BADGE-0061 denied entry at Cafeteria (door DOOR-F1-Cafeteria),2025-12-10 09:52:00
205,1,1,Office C,DOOR_ACCESS_DENIED,LOW,ACCESS_CONTROL,Badge BADGE-0017 denied entry at Office C (door DOOR-F1-OfficeC),2025-12-10 10:04:00
206,1,3,Common Area,DOOR_ACCESS_DENIED,LOW,ACCESS_CONTROL,Badge BADGE-0038 denied entry at Common Area (door DOOR-F3-CommonArea),2025-12-10 10:16:00
207,1,2,Mobile Zone,DOOR_ACCESS_DENIED,LOW,ACCESS_CONTROL,Badge BADGE-0033 denied entry at Mobile Zone (door DOOR-F2-MobileZone),2025-12-10 10:27:00
208,1,3,Project Room,DOOR_ACCESS_DENIED,LOW,ACCESS_CONTROL,Badge BADGE-0022 denied entry at Project Room (door DOOR-F3-ProjectRoom),2025-12-10 10:33:00
209,1,1,Office A,CCTV_LOITERING,MEDIUM,CCTV,Camera CAM-F1-OfficeA detected loitering (confidence 0.96),2025-12-10 11:46:00
210,1,3,Storage,VISITOR_UNESCORTED_RESTRICTED_ZONE,HIGH,VISITOR_TRACKING,"Visitor Alex Mehta (VIS-0001, hosted by Divya Das) entered restricted zone Storage unescorted",2025-12-10 11:52:40
211,1,1,Office C,DOOR_ACCESS_DENIED,LOW,ACCESS_CONTROL,Badge BADGE-0069 denied entry at Office C (door DOOR-F1-OfficeC),2025-12-10 12:52:00
212,1,1,Lobby,DOOR_ACCESS_DENIED,LOW,ACCESS_CONTROL,Badge BADGE-0033 denied entry at Lobby (door DOOR-F1-Lobby),2025-12-10 13:14:00
213,1,3,Office G,DOOR_ACCESS_DENIED,LOW,ACCESS_CONTROL,Badge BADGE-0007 denied entry at Office G (door DOOR-F3-OfficeG),2025-12-10 13:39:00
214,1,3,Office H,DOOR_ACCESS_DENIED,LOW,ACCESS_CONTROL,Badge BADGE-0025 denied entry at Office H (door DOOR-F3-OfficeH),2025-12-10 14:26:00
215,1,1,Office A,DOOR_ACCESS_DENIED,LOW,ACCESS_CONTROL,Badge BADGE-0043 denied entry at Office A (door DOOR-F1-OfficeA),2025-12-10 14:31:00
216,1,3,Project Room,DOOR_ACCESS_DENIED,LOW,ACCESS_CONTROL,Badge BADGE-0081 denied entry at Project Room (door DOOR-F3-ProjectRoom),2025-12-10 14:51:00
217,1,3,Break Area,CCTV_LOITERING,MEDIUM,CCTV,Camera CAM-F3-BreakArea detected loitering (confidence 0.59),2025-12-10 21:02:00
218,1,1,Storage,AFTER_HOURS_RESTRICTED_ACCESS,MEDIUM,ACCESS_CONTROL,Badge BADGE-0025 accessed Storage outside working hours,2025-12-10 21:20:00
219,1,3,Meeting Room 3,CCTV_LOITERING,MEDIUM,CCTV,Camera CAM-F3-MeetingRoom3 detected loitering (confidence 0.86),2025-12-10 22:20:00
220,1,2,Mobile Zone,CCTV_LOITERING,MEDIUM,CCTV,Camera CAM-F2-MobileZone detected loitering (confidence 0.77),2025-12-11 03:33:00
221,1,1,Office B,CCTV_OBJECT_LEFT_UNATTENDED,MEDIUM,CCTV,Camera CAM-F1-OfficeB detected object left unattended (confidence 0.71),2025-12-11 07:40:00
222,1,3,Storage,CCTV_MOTION_DETECTED,MEDIUM,CCTV,Camera CAM-F3-Storage detected motion detected (confidence 0.7),2025-12-11 07:42:00
223,1,1,Office D,DOOR_ACCESS_DENIED,LOW,ACCESS_CONTROL,Badge BADGE-0048 denied entry at Office D (door DOOR-F1-OfficeD),2025-12-11 08:37:00
224,1,1,Office C,DOOR_ACCESS_DENIED,LOW,ACCESS_CONTROL,Badge BADGE-0084 denied entry at Office C (door DOOR-F1-OfficeC),2025-12-11 09:53:00
225,1,3,Project Room,DOOR_ACCESS_DENIED,LOW,ACCESS_CONTROL,Badge BADGE-0019 denied entry at Project Room (door DOOR-F3-ProjectRoom),2025-12-11 10:15:00
226,1,3,Project Room,MULTIPLE_FAILED_ACCESS_ATTEMPTS,MEDIUM,ACCESS_CONTROL,Badge BADGE-0048 denied entry at Project Room (door DOOR-F3-ProjectRoom),2025-12-11 10:36:00
227,1,3,Project Room,DOOR_ACCESS_DENIED,LOW,ACCESS_CONTROL,Badge BADGE-0066 denied entry at Project Room (door DOOR-F3-ProjectRoom),2025-12-11 10:56:00
228,1,1,Office C,DOOR_ACCESS_DENIED,LOW,ACCESS_CONTROL,Badge BADGE-0049 denied entry at Office C (door DOOR-F1-OfficeC),2025-12-11 11:15:00
229,1,3,Project Room,DOOR_ACCESS_DENIED,LOW,ACCESS_CONTROL,Badge BADGE-0018 denied entry at Project Room (door DOOR-F3-ProjectRoom),2025-12-11 13:41:00
230,1,2,Common Area,CCTV_LOITERING,MEDIUM,CCTV,Camera CAM-F2-CommonArea detected loitering (confidence 0.69),2025-12-11 14:47:00
231,1,3,Office I,CCTV_LOITERING,MEDIUM,CCTV,Camera CAM-F3-OfficeI detected loitering (confidence 0.62),2025-12-11 14:50:00
232,1,2,Storage,UNAUTHORIZED_ACCESS_RESTRICTED_AREA,HIGH,ACCESS_CONTROL,Badge BADGE-0042 denied entry at Storage (door DOOR-F2-Storage),2025-12-11 15:09:00
233,1,1,Office A,DOOR_ACCESS_DENIED,LOW,ACCESS_CONTROL,Badge BADGE-0069 denied entry at Office A (door DOOR-F1-OfficeA),2025-12-11 16:32:00
234,1,3,Storage,CCTV_CAMERA_OFFLINE,MEDIUM,CCTV,Camera CAM-F3-Storage detected camera offline (confidence 0.7),2025-12-11 18:29:00
235,1,1,Conference Room,CCTV_MOTION_DETECTED,MEDIUM,CCTV,Camera CAM-F1-ConferenceRoom detected motion detected (confidence 0.79),2025-12-11 18:49:00
236,1,3,Office H,CCTV_TAILGATING,HIGH,CCTV,Camera CAM-F3-OfficeH detected tailgating (confidence 0.88),2025-12-12 01:14:00
237,1,2,Common Area,CCTV_LOITERING,MEDIUM,CCTV,Camera CAM-F2-CommonArea detected loitering (confidence 0.92),2025-12-12 03:00:00
238,1,3,Storage,CCTV_LOITERING,HIGH,CCTV,Camera CAM-F3-Storage detected loitering (confidence 0.7),2025-12-12 06:37:00
239,1,3,Project Room,DOOR_ACCESS_DENIED,LOW,ACCESS_CONTROL,Badge BADGE-0074 denied entry at Project Room (door DOOR-F3-ProjectRoom),2025-12-12 07:45:00
240,1,1,Storage,CCTV_MOTION_DETECTED,MEDIUM,CCTV,Camera CAM-F1-Storage detected motion detected (confidence 0.71),2025-12-12 08:08:00
241,1,3,Project Room,DOOR_ACCESS_DENIED,LOW,ACCESS_CONTROL,Badge BADGE-0034 denied entry at Project Room (door DOOR-F3-ProjectRoom),2025-12-12 09:20:00
242,1,3,Project Room,DOOR_ACCESS_DENIED,LOW,ACCESS_CONTROL,Badge BADGE-0061 denied entry at Project Room (door DOOR-F3-ProjectRoom),2025-12-12 09:21:00
243,1,1,Storage,CCTV_OBJECT_LEFT_UNATTENDED,MEDIUM,CCTV,Camera CAM-F1-Storage detected object left unattended (confidence 0.75),2025-12-12 09:27:00
244,1,2,Office E,DOOR_ACCESS_DENIED,LOW,ACCESS_CONTROL,Badge BADGE-0083 denied entry at Office E (door DOOR-F2-OfficeE),2025-12-12 09:40:00
245,1,3,Break Area,DOOR_ACCESS_DENIED,LOW,ACCESS_CONTROL,Badge BADGE-0025 denied entry at Break Area (door DOOR-F3-BreakArea),2025-12-12 09:54:00
246,1,1,Office D,CCTV_OBJECT_LEFT_UNATTENDED,MEDIUM,CCTV,Camera CAM-F1-OfficeD detected object left unattended (confidence 0.67),2025-12-12 10:29:00
247,1,3,Storage,VISITOR_UNESCORTED_RESTRICTED_ZONE,HIGH,VISITOR_TRACKING,"Visitor Morgan Almeida (VIS-0028, hosted by Suresh Sivam) entered restricted zone Storage unescorted",2025-12-12 10:35:00
248,1,3,Break Area,DOOR_ACCESS_DENIED,LOW,ACCESS_CONTROL,Badge BADGE-0050 denied entry at Break Area (door DOOR-F3-BreakArea),2025-12-12 11:01:00
249,1,3,Project Room,DOOR_ACCESS_DENIED,LOW,ACCESS_CONTROL,Badge BADGE-0059 denied entry at Project Room (door DOOR-F3-ProjectRoom),2025-12-12 11:44:00
250,1,3,Project Room,DOOR_ACCESS_DENIED,LOW,ACCESS_CONTROL,Badge BADGE-0066 denied entry at Project Room (door DOOR-F3-ProjectRoom),2025-12-12 12:54:00
251,1,1,Storage,CCTV_MOTION_DETECTED,MEDIUM,CCTV,Camera CAM-F1-Storage detected motion detected (confidence 0.66),2025-12-12 14:14:00
252,1,1,Lobby,DOOR_ACCESS_DENIED,LOW,ACCESS_CONTROL,Badge BADGE-0080 denied entry at Lobby (door DOOR-F1-Lobby),2025-12-12 14:16:00
253,1,1,Office D,DOOR_ACCESS_DENIED,LOW,ACCESS_CONTROL,Badge BADGE-0057 denied entry at Office D (door DOOR-F1-OfficeD),2025-12-12 14:18:00
254,1,3,Office H,DOOR_ACCESS_DENIED,LOW,ACCESS_CONTROL,Badge BADGE-0053 denied entry at Office H (door DOOR-F3-OfficeH),2025-12-12 14:49:00
255,1,2,Office E,CCTV_LOITERING,MEDIUM,CCTV,Camera CAM-F2-OfficeE detected loitering (confidence 0.72),2025-12-12 15:25:00
256,1,3,Storage,UNAUTHORIZED_ACCESS_RESTRICTED_AREA,HIGH,ACCESS_CONTROL,Badge BADGE-0045 denied entry at Storage (door DOOR-F3-Storage),2025-12-12 15:40:00
257,1,1,Conference Room,CCTV_MOTION_DETECTED,MEDIUM,CCTV,Camera CAM-F1-ConferenceRoom detected motion detected (confidence 0.89),2025-12-12 17:39:00
258,1,1,Office D,CCTV_OBJECT_LEFT_UNATTENDED,MEDIUM,CCTV,Camera CAM-F1-OfficeD detected object left unattended (confidence 0.72),2025-12-12 18:08:00
259,1,1,Cafeteria,DOOR_ACCESS_DENIED,LOW,ACCESS_CONTROL,Badge BADGE-0047 denied entry at Cafeteria (door DOOR-F1-Cafeteria),2025-12-12 19:40:00
260,1,3,Storage,CCTV_MOTION_DETECTED,MEDIUM,CCTV,Camera CAM-F3-Storage detected motion detected (confidence 0.82),2025-12-12 19:43:00
261,1,2,Office F,CCTV_LOITERING,MEDIUM,CCTV,Camera CAM-F2-OfficeF detected loitering (confidence 0.9),2025-12-12 20:02:00
262,1,2,Office F,CCTV_LOITERING,MEDIUM,CCTV,Camera CAM-F2-OfficeF detected loitering (confidence 0.85),2025-12-12 23:36:00
263,1,3,Project Room,CCTV_TAILGATING,HIGH,CCTV,Camera CAM-F3-ProjectRoom detected tailgating (confidence 0.91),2025-12-12 23:50:00
264,1,3,Office G,CCTV_LOITERING,MEDIUM,CCTV,Camera CAM-F3-OfficeG detected loitering (confidence 0.89),2025-12-12 23:53:00
265,1,3,Storage,CCTV_TAILGATING,CRITICAL,CCTV,Camera CAM-F3-Storage detected tailgating (confidence 0.7),2025-12-13 02:01:00
266,1,1,Lobby,CCTV_LOITERING,MEDIUM,CCTV,Camera CAM-F1-Lobby detected loitering (confidence 0.99),2025-12-13 03:05:00
267,1,3,Storage,CCTV_TAILGATING,CRITICAL,CCTV,Camera CAM-F3-Storage detected tailgating (confidence 0.98),2025-12-13 03:30:00
268,1,2,Office F,CCTV_LOITERING,MEDIUM,CCTV,Camera CAM-F2-OfficeF detected loitering (confidence 0.85),2025-12-13 04:47:00
269,1,1,Conference Room,CCTV_LOITERING,HIGH,CCTV,Camera CAM-F1-ConferenceRoom detected loitering (confidence 0.97),2025-12-13 06:42:00
270,1,1,Office A,DOOR_ACCESS_DENIED,LOW,ACCESS_CONTROL,Badge BADGE-0057 denied entry at Office A (door DOOR-F1-OfficeA),2025-12-13 07:54:00
271,1,2,Office F,DOOR_ACCESS_DENIED,LOW,ACCESS_CONTROL,Badge BADGE-0004 denied entry at Office F (door DOOR-F2-OfficeF),2025-12-13 10:33:00
272,1,1,Cafeteria,CCTV_OBJECT_LEFT_UNATTENDED,MEDIUM,CCTV,Camera CAM-F1-Cafeteria detected object left unattended (confidence 0.71),2025-12-13 10:34:00
273,1,1,Cafeteria,DOOR_ACCESS_DENIED,LOW,ACCESS_CONTROL,Badge BADGE-0001 denied entry at Cafeteria (door DOOR-F1-Cafeteria),2025-12-13 11:03:00
274,1,1,Conference Room,AFTER_HOURS_RESTRICTED_ACCESS,MEDIUM,ACCESS_CONTROL,Badge BADGE-0042 accessed Conference Room outside working hours,2025-12-13 11:09:00
275,1,1,Storage,CCTV_LOITERING,HIGH,CCTV,Camera CAM-F1-Storage detected loitering (confidence 0.79),2025-12-13 11:11:00
276,1,1,Office A,MULTIPLE_FAILED_ACCESS_ATTEMPTS,MEDIUM,ACCESS_CONTROL,Badge BADGE-0004 denied entry at Office A (door DOOR-F1-OfficeA),2025-12-13 12:03:00
277,1,1,Storage,AFTER_HOURS_RESTRICTED_ACCESS,MEDIUM,ACCESS_CONTROL,Badge BADGE-0052 accessed Storage outside working hours,2025-12-13 12:11:00
278,1,1,Office B,MULTIPLE_FAILED_ACCESS_ATTEMPTS,MEDIUM,ACCESS_CONTROL,Badge BADGE-0004 denied entry at Office B (door DOOR-F1-OfficeB),2025-12-13 12:17:00
279,1,1,Lobby,DOOR_ACCESS_DENIED,LOW,ACCESS_CONTROL,Badge BADGE-0023 denied entry at Lobby (door DOOR-F1-Lobby),2025-12-13 13:16:00
280,1,3,Storage,AFTER_HOURS_RESTRICTED_ACCESS,MEDIUM,ACCESS_CONTROL,Badge BADGE-0058 accessed Storage outside working hours,2025-12-13 13:21:00
281,1,1,Office A,CCTV_LOITERING,MEDIUM,CCTV,Camera CAM-F1-OfficeA detected loitering (confidence 0.84),2025-12-13 13:29:00
282,1,2,Storage,AFTER_HOURS_RESTRICTED_ACCESS,MEDIUM,ACCESS_CONTROL,Badge BADGE-0002 accessed Storage outside working hours,2025-12-13 14:22:00
283,1,2,Storage,AFTER_HOURS_RESTRICTED_ACCESS,MEDIUM,ACCESS_CONTROL,Badge BADGE-0017 accessed Storage outside working hours,2025-12-13 14:34:00
284,1,2,Storage,AFTER_HOURS_RESTRICTED_ACCESS,MEDIUM,ACCESS_CONTROL,Badge BADGE-0036 accessed Storage outside working hours,2025-12-13 14:36:00
285,1,1,Conference Room,AFTER_HOURS_RESTRICTED_ACCESS,MEDIUM,ACCESS_CONTROL,Badge BADGE-0027 accessed Conference Room outside working hours,2025-12-13 14:41:00
286,1,1,Conference Room,AFTER_HOURS_RESTRICTED_ACCESS,MEDIUM,ACCESS_CONTROL,Badge BADGE-0024 accessed Conference Room outside working hours,2025-12-13 15:53:00
287,1,2,Storage,CCTV_OBJECT_LEFT_UNATTENDED,MEDIUM,CCTV,Camera CAM-F2-Storage detected object left unattended (confidence 0.7),2025-12-13 16:51:00
288,1,3,Storage,AFTER_HOURS_RESTRICTED_ACCESS,MEDIUM,ACCESS_CONTROL,Badge BADGE-0023 accessed Storage outside working hours,2025-12-13 17:57:00
289,1,2,Common Area,CCTV_TAILGATING,HIGH,CCTV,Camera CAM-F2-CommonArea detected tailgating (confidence 0.64),2025-12-13 18:28:00
290,1,3,Common Area,CCTV_LOITERING,MEDIUM,CCTV,Camera CAM-F3-CommonArea detected loitering (confidence 0.86),2025-12-13 18:56:00
291,1,1,Lobby,CCTV_LOITERING,MEDIUM,CCTV,Camera CAM-F1-Lobby detected loitering (confidence 0.61),2025-12-13 20:53:00
292,1,3,Break Area,CCTV_OBJECT_LEFT_UNATTENDED,MEDIUM,CCTV,Camera CAM-F3-BreakArea detected object left unattended (confidence 0.65),2025-12-14 07:00:00
293,1,1,Office C,CCTV_TAILGATING,HIGH,CCTV,Camera CAM-F1-OfficeC detected tailgating (confidence 0.6),2025-12-14 07:34:00
294,1,1,Conference Room,CCTV_MOTION_DETECTED,MEDIUM,CCTV,Camera CAM-F1-ConferenceRoom detected motion detected (confidence 0.79),2025-12-14 07:40:00
295,1,1,Storage,AFTER_HOURS_RESTRICTED_ACCESS,MEDIUM,ACCESS_CONTROL,Badge BADGE-0002 accessed Storage outside working hours,2025-12-14 10:12:00
296,1,1,Conference Room,AFTER_HOURS_RESTRICTED_ACCESS,MEDIUM,ACCESS_CONTROL,Badge BADGE-0001 accessed Conference Room outside working hours,2025-12-14 10:31:00
297,1,1,Lobby,CCTV_LOITERING,MEDIUM,CCTV,Camera CAM-F1-Lobby detected loitering (confidence 0.86),2025-12-14 10:35:00
298,1,2,Meeting Room 2,DOOR_ACCESS_DENIED,LOW,ACCESS_CONTROL,Badge BADGE-0084 denied entry at Meeting Room 2 (door DOOR-F2-MeetingRoom2),2025-12-14 11:29:00
299,1,1,Cafeteria,CCTV_CAMERA_OFFLINE,MEDIUM,CCTV,Camera CAM-F1-Cafeteria detected camera offline (confidence 0.96),2025-12-14 11:59:00
300,1,1,Storage,AFTER_HOURS_RESTRICTED_ACCESS,MEDIUM,ACCESS_CONTROL,Badge BADGE-0042 accessed Storage outside working hours,2025-12-14 12:40:00
301,1,2,Storage,AFTER_HOURS_RESTRICTED_ACCESS,MEDIUM,ACCESS_CONTROL,Badge BADGE-0035 accessed Storage outside working hours,2025-12-14 14:14:00
302,1,1,Conference Room,AFTER_HOURS_RESTRICTED_ACCESS,MEDIUM,ACCESS_CONTROL,Badge BADGE-0027 accessed Conference Room outside working hours,2025-12-14 14:39:00
303,1,2,Storage,AFTER_HOURS_RESTRICTED_ACCESS,MEDIUM,ACCESS_CONTROL,Badge BADGE-0058 accessed Storage outside working hours,2025-12-14 14:47:00
304,1,1,Conference Room,AFTER_HOURS_RESTRICTED_ACCESS,MEDIUM,ACCESS_CONTROL,Badge BADGE-0052 accessed Conference Room outside working hours,2025-12-14 14:59:00
305,1,3,Storage,CCTV_MOTION_DETECTED,MEDIUM,CCTV,Camera CAM-F3-Storage detected motion detected (confidence 0.86),2025-12-14 16:21:00
306,1,1,Cafeteria,CCTV_OBJECT_LEFT_UNATTENDED,MEDIUM,CCTV,Camera CAM-F1-Cafeteria detected object left unattended (confidence 0.93),2025-12-14 19:16:00
307,1,1,Office C,CCTV_LOITERING,MEDIUM,CCTV,Camera CAM-F1-OfficeC detected loitering (confidence 0.64),2025-12-14 22:55:00
308,1,1,Storage,CCTV_CAMERA_OFFLINE,MEDIUM,CCTV,Camera CAM-F1-Storage detected camera offline (confidence 0.63),2025-12-15 07:26:00
309,1,1,Office D,CCTV_OBJECT_LEFT_UNATTENDED,MEDIUM,CCTV,Camera CAM-F1-OfficeD detected object left unattended (confidence 0.83),2025-12-15 07:27:00
310,1,1,Meeting Room 1,CCTV_OBJECT_LEFT_UNATTENDED,MEDIUM,CCTV,Camera CAM-F1-MeetingRoom1 detected object left unattended (confidence 0.95),2025-12-15 08:06:00
311,1,1,Office A,CCTV_OBJECT_LEFT_UNATTENDED,MEDIUM,CCTV,Camera CAM-F1-OfficeA detected object left unattended (confidence 0.62),2025-12-15 08:57:00
312,1,3,Project Room,DOOR_ACCESS_DENIED,LOW,ACCESS_CONTROL,Badge BADGE-0034 denied entry at Project Room (door DOOR-F3-ProjectRoom),2025-12-15 09:04:00
313,1,1,Office D,DOOR_ACCESS_DENIED,LOW,ACCESS_CONTROL,Badge BADGE-0030 denied entry at Office D (door DOOR-F1-OfficeD),2025-12-15 09:17:00
314,1,3,Project Room,DOOR_ACCESS_DENIED,LOW,ACCESS_CONTROL,Badge BADGE-0019 denied entry at Project Room (door DOOR-F3-ProjectRoom),2025-12-15 09:43:00
315,1,3,Office G,DOOR_ACCESS_DENIED,LOW,ACCESS_CONTROL,Badge BADGE-0005 denied entry at Office G (door DOOR-F3-OfficeG),2025-12-15 09:48:00
316,1,2,Office E,DOOR_ACCESS_DENIED,LOW,ACCESS_CONTROL,Badge BADGE-0065 denied entry at Office E (door DOOR-F2-OfficeE),2025-12-15 09:49:00
317,1,3,Storage,CCTV_MOTION_DETECTED,MEDIUM,CCTV,Camera CAM-F3-Storage detected motion detected (confidence 0.81),2025-12-15 10:04:00
318,1,3,Project Room,DOOR_ACCESS_DENIED,LOW,ACCESS_CONTROL,Badge BADGE-0020 denied entry at Project Room (door DOOR-F3-ProjectRoom),2025-12-15 11:25:00
319,1,1,Storage,CCTV_LOITERING,MEDIUM,CCTV,Camera CAM-F1-Storage detected loitering (confidence 0.74),2025-12-15 11:33:00
320,1,1,Meeting Room 1,DOOR_ACCESS_DENIED,LOW,ACCESS_CONTROL,Badge BADGE-0022 denied entry at Meeting Room 1 (door DOOR-F1-MeetingRoom1),2025-12-15 11:38:00
321,1,3,Office G,DOOR_ACCESS_DENIED,LOW,ACCESS_CONTROL,Badge BADGE-0026 denied entry at Office G (door DOOR-F3-OfficeG),2025-12-15 12:11:00
322,1,1,Cafeteria,CCTV_LOITERING,MEDIUM,CCTV,Camera CAM-F1-Cafeteria detected loitering (confidence 0.79),2025-12-15 14:31:00
323,1,3,Storage,CCTV_MOTION_DETECTED,MEDIUM,CCTV,Camera CAM-F3-Storage detected motion detected (confidence 0.85),2025-12-15 15:14:00
324,1,3,Meeting Room 3,DOOR_ACCESS_DENIED,LOW,ACCESS_CONTROL,Badge BADGE-0033 denied entry at Meeting Room 3 (door DOOR-F3-MeetingRoom3),2025-12-15 15:21:00
325,1,2,Meeting Room 2,CCTV_LOITERING,MEDIUM,CCTV,Camera CAM-F2-MeetingRoom2 detected loitering (confidence 0.91),2025-12-15 19:27:00
326,1,1,Lobby,CCTV_LOITERING,MEDIUM,CCTV,Camera CAM-F1-Lobby detected loitering (confidence 0.95),2025-12-16 01:12:00
327,1,1,Office B,CCTV_OBJECT_LEFT_UNATTENDED,MEDIUM,CCTV,Camera CAM-F1-OfficeB detected object left unattended (confidence 0.65),2025-12-16 07:18:00
328,1,2,Meeting Room 2,CCTV_LOITERING,MEDIUM,CCTV,Camera CAM-F2-MeetingRoom2 detected loitering (confidence 0.56),2025-12-16 07:45:00
329,1,1,Meeting Room 1,CCTV_TAILGATING,HIGH,CCTV,Camera CAM-F1-MeetingRoom1 detected tailgating (confidence 0.73),2025-12-16 07:53:00
330,1,3,Project Room,DOOR_ACCESS_DENIED,LOW,ACCESS_CONTROL,Badge BADGE-0088 denied entry at Project Room (door DOOR-F3-ProjectRoom),2025-12-16 07:54:00
331,1,3,Project Room,DOOR_ACCESS_DENIED,LOW,ACCESS_CONTROL,Badge BADGE-0062 denied entry at Project Room (door DOOR-F3-ProjectRoom),2025-12-16 08:18:00
332,1,2,Storage,CCTV_MOTION_DETECTED,MEDIUM,CCTV,Camera CAM-F2-Storage detected motion detected (confidence 0.96),2025-12-16 08:20:00
333,1,3,Office H,DOOR_ACCESS_DENIED,LOW,ACCESS_CONTROL,Badge BADGE-0001 denied entry at Office H (door DOOR-F3-OfficeH),2025-12-16 11:07:00
334,1,1,Office D,DOOR_ACCESS_DENIED,LOW,ACCESS_CONTROL,Badge BADGE-0066 denied entry at Office D (door DOOR-F1-OfficeD),2025-12-16 11:20:00
335,1,3,Project Room,DOOR_ACCESS_DENIED,LOW,ACCESS_CONTROL,Badge BADGE-0016 denied entry at Project Room (door DOOR-F3-ProjectRoom),2025-12-16 11:24:00
336,1,1,Office B,DOOR_ACCESS_DENIED,LOW,ACCESS_CONTROL,Badge BADGE-0025 denied entry at Office B (door DOOR-F1-OfficeB),2025-12-16 11:28:00
337,1,3,Project Room,DOOR_ACCESS_DENIED,LOW,ACCESS_CONTROL,Badge BADGE-0044 denied entry at Project Room (door DOOR-F3-ProjectRoom),2025-12-16 11:29:00
338,1,2,Office F,DOOR_ACCESS_DENIED,LOW,ACCESS_CONTROL,Badge BADGE-0030 denied entry at Office F (door DOOR-F2-OfficeF),2025-12-16 11:55:00
339,1,1,Office B,DOOR_ACCESS_DENIED,LOW,ACCESS_CONTROL,Badge BADGE-0005 denied entry at Office B (door DOOR-F1-OfficeB),2025-12-16 12:04:00
340,1,1,Office C,DOOR_ACCESS_DENIED,LOW,ACCESS_CONTROL,Badge BADGE-0049 denied entry at Office C (door DOOR-F1-OfficeC),2025-12-16 12:28:00
341,1,3,Project Room,DOOR_ACCESS_DENIED,LOW,ACCESS_CONTROL,Badge BADGE-0022 denied entry at Project Room (door DOOR-F3-ProjectRoom),2025-12-16 12:36:00
342,1,3,Office I,DOOR_ACCESS_DENIED,LOW,ACCESS_CONTROL,Badge BADGE-0013 denied entry at Office I (door DOOR-F3-OfficeI),2025-12-16 12:50:00
343,1,3,Storage,CCTV_OBJECT_LEFT_UNATTENDED,MEDIUM,CCTV,Camera CAM-F3-Storage detected object left unattended (confidence 0.74),2025-12-16 12:54:00
344,1,3,Project Room,DOOR_ACCESS_DENIED,LOW,ACCESS_CONTROL,Badge BADGE-0032 denied entry at Project Room (door DOOR-F3-ProjectRoom),2025-12-16 13:34:00
345,1,3,Storage,UNAUTHORIZED_ACCESS_RESTRICTED_AREA,HIGH,ACCESS_CONTROL,Badge BADGE-0090 denied entry at Storage (door DOOR-F3-Storage),2025-12-16 13:49:00
346,1,3,Storage,CCTV_MOTION_DETECTED,MEDIUM,CCTV,Camera CAM-F3-Storage detected motion detected (confidence 0.94),2025-12-16 15:08:00
347,1,2,Common Area,CCTV_CAMERA_OFFLINE,MEDIUM,CCTV,Camera CAM-F2-CommonArea detected camera offline (confidence 0.97),2025-12-16 15:54:00
348,1,3,Office G,CCTV_OBJECT_LEFT_UNATTENDED,MEDIUM,CCTV,Camera CAM-F3-OfficeG detected object left unattended (confidence 0.85),2025-12-16 16:51:00
349,1,1,Office B,CCTV_LOITERING,MEDIUM,CCTV,Camera CAM-F1-OfficeB detected loitering (confidence 0.7),2025-12-16 17:09:00
350,1,1,Cafeteria,CCTV_LOITERING,MEDIUM,CCTV,Camera CAM-F1-Cafeteria detected loitering (confidence 0.88),2025-12-16 17:57:00
351,1,3,Office G,DOOR_ACCESS_DENIED,LOW,ACCESS_CONTROL,Badge BADGE-0023 denied entry at Office G (door DOOR-F3-OfficeG),2025-12-16 18:08:00
352,1,1,Storage,CCTV_LOITERING,HIGH,CCTV,Camera CAM-F1-Storage detected loitering (confidence 0.87),2025-12-16 20:55:00
353,1,1,Conference Room,CCTV_LOITERING,HIGH,CCTV,Camera CAM-F1-ConferenceRoom detected loitering (confidence 0.64),2025-12-16 22:38:00
354,1,1,Cafeteria,DOOR_ACCESS_DENIED,LOW,ACCESS_CONTROL,Badge BADGE-0003 denied entry at Cafeteria (door DOOR-F1-Cafeteria),2025-12-17 07:49:00
355,1,2,Common Area,DOOR_ACCESS_DENIED,LOW,ACCESS_CONTROL,Badge BADGE-0072 denied entry at Common Area (door DOOR-F2-CommonArea),2025-12-17 08:29:00
356,1,3,Project Room,DOOR_ACCESS_DENIED,LOW,ACCESS_CONTROL,Badge BADGE-0038 denied entry at Project Room (door DOOR-F3-ProjectRoom),2025-12-17 08:33:00
357,1,3,Project Room,DOOR_ACCESS_DENIED,LOW,ACCESS_CONTROL,Badge BADGE-0021 denied entry at Project Room (door DOOR-F3-ProjectRoom),2025-12-17 08:51:00
358,1,2,Common Area,DOOR_ACCESS_DENIED,LOW,ACCESS_CONTROL,Badge BADGE-0012 denied entry at Common Area (door DOOR-F2-CommonArea),2025-12-17 08:56:00
359,1,3,Office H,CCTV_CAMERA_OFFLINE,MEDIUM,CCTV,Camera CAM-F3-OfficeH detected camera offline (confidence 0.88),2025-12-17 09:12:00
360,1,3,Project Room,DOOR_ACCESS_DENIED,LOW,ACCESS_CONTROL,Badge BADGE-0018 denied entry at Project Room (door DOOR-F3-ProjectRoom),2025-12-17 09:25:00
361,1,1,Office D,DOOR_ACCESS_DENIED,LOW,ACCESS_CONTROL,Badge BADGE-0048 denied entry at Office D (door DOOR-F1-OfficeD),2025-12-17 10:52:00
362,1,3,Office G,DOOR_ACCESS_DENIED,LOW,ACCESS_CONTROL,Badge BADGE-0073 denied entry at Office G (door DOOR-F3-OfficeG),2025-12-17 11:48:00
363,1,3,Project Room,DOOR_ACCESS_DENIED,LOW,ACCESS_CONTROL,Badge BADGE-0015 denied entry at Project Room (door DOOR-F3-ProjectRoom),2025-12-17 11:59:00
364,1,1,Lobby,DOOR_ACCESS_DENIED,LOW,ACCESS_CONTROL,Badge BADGE-0051 denied entry at Lobby (door DOOR-F1-Lobby),2025-12-17 12:17:00
365,1,1,Office B,DOOR_ACCESS_DENIED,LOW,ACCESS_CONTROL,Badge BADGE-0074 denied entry at Office B (door DOOR-F1-OfficeB),2025-12-17 13:10:00
366,1,3,Office G,DOOR_ACCESS_DENIED,LOW,ACCESS_CONTROL,Badge BADGE-0007 denied entry at Office G (door DOOR-F3-OfficeG),2025-12-17 13:42:00
367,1,3,Project Room,DOOR_ACCESS_DENIED,LOW,ACCESS_CONTROL,Badge BADGE-0049 denied entry at Project Room (door DOOR-F3-ProjectRoom),2025-12-17 14:10:00
368,1,3,Office G,CCTV_OBJECT_LEFT_UNATTENDED,MEDIUM,CCTV,Camera CAM-F3-OfficeG detected object left unattended (confidence 0.78),2025-12-17 15:40:00
369,1,3,Common Area,CCTV_OBJECT_LEFT_UNATTENDED,MEDIUM,CCTV,Camera CAM-F3-CommonArea detected object left unattended (confidence 0.9),2025-12-18 09:27:00
370,1,1,Meeting Room 1,DOOR_ACCESS_DENIED,LOW,ACCESS_CONTROL,Badge BADGE-0049 denied entry at Meeting Room 1 (door DOOR-F1-MeetingRoom1),2025-12-18 09:30:00
371,1,2,Mobile Zone,DOOR_ACCESS_DENIED,LOW,ACCESS_CONTROL,Badge BADGE-0037 denied entry at Mobile Zone (door DOOR-F2-MobileZone),2025-12-18 09:48:00
372,1,3,Project Room,DOOR_ACCESS_DENIED,LOW,ACCESS_CONTROL,Badge BADGE-0012 denied entry at Project Room (door DOOR-F3-ProjectRoom),2025-12-18 10:10:00
373,1,3,Project Room,DOOR_ACCESS_DENIED,LOW,ACCESS_CONTROL,Badge BADGE-0020 denied entry at Project Room (door DOOR-F3-ProjectRoom),2025-12-18 10:12:00
374,1,1,Meeting Room 1,DOOR_ACCESS_DENIED,LOW,ACCESS_CONTROL,Badge BADGE-0074 denied entry at Meeting Room 1 (door DOOR-F1-MeetingRoom1),2025-12-18 10:20:00
375,1,3,Project Room,DOOR_ACCESS_DENIED,LOW,ACCESS_CONTROL,Badge BADGE-0088 denied entry at Project Room (door DOOR-F3-ProjectRoom),2025-12-18 10:25:00
376,1,3,Break Area,DOOR_ACCESS_DENIED,LOW,ACCESS_CONTROL,Badge BADGE-0071 denied entry at Break Area (door DOOR-F3-BreakArea),2025-12-18 11:01:00
377,1,3,Project Room,DOOR_ACCESS_DENIED,LOW,ACCESS_CONTROL,Badge BADGE-0082 denied entry at Project Room (door DOOR-F3-ProjectRoom),2025-12-18 11:40:00
378,1,3,Meeting Room 3,CCTV_LOITERING,MEDIUM,CCTV,Camera CAM-F3-MeetingRoom3 detected loitering (confidence 0.67),2025-12-18 12:18:00
379,1,1,Office C,DOOR_ACCESS_DENIED,LOW,ACCESS_CONTROL,Badge BADGE-0067 denied entry at Office C (door DOOR-F1-OfficeC),2025-12-18 12:35:00
380,1,3,Project Room,DOOR_ACCESS_DENIED,LOW,ACCESS_CONTROL,Badge BADGE-0090 denied entry at Project Room (door DOOR-F3-ProjectRoom),2025-12-18 12:39:00
381,1,3,Project Room,DOOR_ACCESS_DENIED,LOW,ACCESS_CONTROL,Badge BADGE-0054 denied entry at Project Room (door DOOR-F3-ProjectRoom),2025-12-18 13:35:00
382,1,1,Office A,DOOR_ACCESS_DENIED,LOW,ACCESS_CONTROL,Badge BADGE-0042 denied entry at Office A (door DOOR-F1-OfficeA),2025-12-18 14:16:00
383,1,1,Meeting Room 1,DOOR_ACCESS_DENIED,LOW,ACCESS_CONTROL,Badge BADGE-0048 denied entry at Meeting Room 1 (door DOOR-F1-MeetingRoom1),2025-12-18 14:37:00
384,1,1,Office C,DOOR_ACCESS_DENIED,LOW,ACCESS_CONTROL,Badge BADGE-0038 denied entry at Office C (door DOOR-F1-OfficeC),2025-12-18 14:38:00
385,1,3,Project Room,DOOR_ACCESS_DENIED,LOW,ACCESS_CONTROL,Badge BADGE-0080 denied entry at Project Room (door DOOR-F3-ProjectRoom),2025-12-18 14:54:00
386,1,2,Common Area,CCTV_LOITERING,MEDIUM,CCTV,Camera CAM-F2-CommonArea detected loitering (confidence 0.75),2025-12-18 16:24:00
387,1,1,Conference Room,UNAUTHORIZED_ACCESS_RESTRICTED_AREA,HIGH,ACCESS_CONTROL,Badge BADGE-0038 denied entry at Conference Room (door DOOR-F1-ConferenceRoom),2025-12-18 17:30:00
388,1,3,Office H,CCTV_TAILGATING,HIGH,CCTV,Camera CAM-F3-OfficeH detected tailgating (confidence 0.73),2025-12-18 17:35:00
389,1,1,Office A,CCTV_CAMERA_OFFLINE,MEDIUM,CCTV,Camera CAM-F1-OfficeA detected camera offline (confidence 0.73),2025-12-18 19:10:00
390,1,1,Office A,CCTV_TAILGATING,HIGH,CCTV,Camera CAM-F1-OfficeA detected tailgating (confidence 0.88),2025-12-18 21:13:00
391,1,1,Conference Room,CCTV_TAILGATING,CRITICAL,CCTV,Camera CAM-F1-ConferenceRoom detected tailgating (confidence 0.97),2025-12-18 22:32:00
392,1,2,Office E,DOOR_ACCESS_DENIED,LOW,ACCESS_CONTROL,Badge BADGE-0013 denied entry at Office E (door DOOR-F2-OfficeE),2025-12-19 07:37:00
393,1,3,Project Room,DOOR_ACCESS_DENIED,LOW,ACCESS_CONTROL,Badge BADGE-0048 denied entry at Project Room (door DOOR-F3-ProjectRoom),2025-12-19 09:19:00
394,1,3,Meeting Room 3,DOOR_ACCESS_DENIED,LOW,ACCESS_CONTROL,Badge BADGE-0072 denied entry at Meeting Room 3 (door DOOR-F3-MeetingRoom3),2025-12-19 10:08:00
395,1,1,Conference Room,CCTV_MOTION_DETECTED,MEDIUM,CCTV,Camera CAM-F1-ConferenceRoom detected motion detected (confidence 0.83),2025-12-19 10:18:00
396,1,2,Meeting Room 2,DOOR_ACCESS_DENIED,LOW,ACCESS_CONTROL,Badge BADGE-0040 denied entry at Meeting Room 2 (door DOOR-F2-MeetingRoom2),2025-12-19 10:25:00
397,1,3,Project Room,DOOR_ACCESS_DENIED,LOW,ACCESS_CONTROL,Badge BADGE-0020 denied entry at Project Room (door DOOR-F3-ProjectRoom),2025-12-19 10:44:00
398,1,3,Project Room,DOOR_ACCESS_DENIED,LOW,ACCESS_CONTROL,Badge BADGE-0018 denied entry at Project Room (door DOOR-F3-ProjectRoom),2025-12-19 10:46:00
399,1,1,Lobby,CCTV_LOITERING,MEDIUM,CCTV,Camera CAM-F1-Lobby detected loitering (confidence 0.97),2025-12-19 10:46:00
400,1,3,Project Room,MULTIPLE_FAILED_ACCESS_ATTEMPTS,MEDIUM,ACCESS_CONTROL,Badge BADGE-0072 denied entry at Project Room (door DOOR-F3-ProjectRoom),2025-12-19 11:32:00
401,1,2,Mobile Zone,DOOR_ACCESS_DENIED,LOW,ACCESS_CONTROL,Badge BADGE-0058 denied entry at Mobile Zone (door DOOR-F2-MobileZone),2025-12-19 11:38:00
402,1,1,Office A,CCTV_LOITERING,MEDIUM,CCTV,Camera CAM-F1-OfficeA detected loitering (confidence 0.57),2025-12-19 11:41:00
403,1,1,Lobby,DOOR_ACCESS_DENIED,LOW,ACCESS_CONTROL,Badge BADGE-0027 denied entry at Lobby (door DOOR-F1-Lobby),2025-12-19 11:46:00
404,1,2,Mobile Zone,CCTV_LOITERING,MEDIUM,CCTV,Camera CAM-F2-MobileZone detected loitering (confidence 0.71),2025-12-19 11:58:00
405,1,3,Project Room,DOOR_ACCESS_DENIED,LOW,ACCESS_CONTROL,Badge BADGE-0088 denied entry at Project Room (door DOOR-F3-ProjectRoom),2025-12-19 12:36:00
406,1,1,Storage,UNAUTHORIZED_ACCESS_RESTRICTED_AREA,HIGH,ACCESS_CONTROL,Badge BADGE-0058 denied entry at Storage (door DOOR-F1-Storage),2025-12-19 13:59:00
407,1,3,Project Room,DOOR_ACCESS_DENIED,LOW,ACCESS_CONTROL,Badge BADGE-0066 denied entry at Project Room (door DOOR-F3-ProjectRoom),2025-12-19 15:53:00
408,1,1,Office D,CCTV_LOITERING,MEDIUM,CCTV,Camera CAM-F1-OfficeD detected loitering (confidence 0.88),2025-12-19 17:23:00
409,1,2,Office F,CCTV_OBJECT_LEFT_UNATTENDED,MEDIUM,CCTV,Camera CAM-F2-OfficeF detected object left unattended (confidence 0.67),2025-12-19 17:53:00
410,1,3,Common Area,CCTV_LOITERING,MEDIUM,CCTV,Camera CAM-F3-CommonArea detected loitering (confidence 0.87),2025-12-19 22:25:00
411,1,1,Storage,CCTV_LOITERING,HIGH,CCTV,Camera CAM-F1-Storage detected loitering (confidence 0.91),2025-12-19 22:26:00
412,1,3,Meeting Room 3,CCTV_LOITERING,MEDIUM,CCTV,Camera CAM-F3-MeetingRoom3 detected loitering (confidence 0.66),2025-12-20 02:48:00
413,1,3,Break Area,CCTV_TAILGATING,HIGH,CCTV,Camera CAM-F3-BreakArea detected tailgating (confidence 0.74),2025-12-20 03:58:00
414,1,2,Office F,CCTV_LOITERING,MEDIUM,CCTV,Camera CAM-F2-OfficeF detected loitering (confidence 0.7),2025-12-20 07:57:00
415,1,3,Office H,DOOR_ACCESS_DENIED,LOW,ACCESS_CONTROL,Badge BADGE-0023 denied entry at Office H (door DOOR-F3-OfficeH),2025-12-20 10:06:00
416,1,1,Conference Room,AFTER_HOURS_RESTRICTED_ACCESS,MEDIUM,ACCESS_CONTROL,Badge BADGE-0046 accessed Conference Room outside working hours,2025-12-20 12:17:00
417,1,3,Office H,CCTV_LOITERING,MEDIUM,CCTV,Camera CAM-F3-OfficeH detected loitering (confidence 0.65),2025-12-20 12:38:00
418,1,1,Conference Room,AFTER_HOURS_RESTRICTED_ACCESS,MEDIUM,ACCESS_CONTROL,Badge BADGE-0084 accessed Conference Room outside working hours,2025-12-20 12:56:00
419,1,1,Conference Room,AFTER_HOURS_RESTRICTED_ACCESS,MEDIUM,ACCESS_CONTROL,Badge BADGE-0070 accessed Conference Room outside working hours,2025-12-20 13:06:00
420,1,1,Storage,AFTER_HOURS_RESTRICTED_ACCESS,MEDIUM,ACCESS_CONTROL,Badge BADGE-0027 accessed Storage outside working hours,2025-12-20 13:10:00
421,1,2,Storage,AFTER_HOURS_RESTRICTED_ACCESS,MEDIUM,ACCESS_CONTROL,Badge BADGE-0069 accessed Storage outside working hours,2025-12-20 13:31:00
422,1,1,Conference Room,AFTER_HOURS_RESTRICTED_ACCESS,MEDIUM,ACCESS_CONTROL,Badge BADGE-0035 accessed Conference Room outside working hours,2025-12-20 13:36:00
423,1,2,Storage,CCTV_MOTION_DETECTED,MEDIUM,CCTV,Camera CAM-F2-Storage detected motion detected (confidence 0.55),2025-12-20 14:29:00
424,1,1,Office B,DOOR_ACCESS_DENIED,LOW,ACCESS_CONTROL,Badge BADGE-0034 denied entry at Office B (door DOOR-F1-OfficeB),2025-12-20 15:26:00
425,1,1,Storage,AFTER_HOURS_RESTRICTED_ACCESS,MEDIUM,ACCESS_CONTROL,Badge BADGE-0057 accessed Storage outside working hours,2025-12-20 16:09:00
426,1,3,Storage,CCTV_CAMERA_OFFLINE,MEDIUM,CCTV,Camera CAM-F3-Storage detected camera offline (confidence 0.94),2025-12-20 20:01:00
427,1,2,Common Area,CCTV_LOITERING,MEDIUM,CCTV,Camera CAM-F2-CommonArea detected loitering (confidence 0.58),2025-12-20 20:46:00
428,1,3,Project Room,DOOR_ACCESS_DENIED,LOW,ACCESS_CONTROL,Badge BADGE-0084 denied entry at Project Room (door DOOR-F3-ProjectRoom),2025-12-21 09:10:00
429,1,1,Storage,AFTER_HOURS_RESTRICTED_ACCESS,MEDIUM,ACCESS_CONTROL,Badge BADGE-0028 accessed Storage outside working hours,2025-12-21 10:21:00
430,1,2,Common Area,DOOR_ACCESS_DENIED,LOW,ACCESS_CONTROL,Badge BADGE-0058 denied entry at Common Area (door DOOR-F2-CommonArea),2025-12-21 12:10:00
431,1,2,Storage,AFTER_HOURS_RESTRICTED_ACCESS,MEDIUM,ACCESS_CONTROL,Badge BADGE-0017 accessed Storage outside working hours,2025-12-21 12:24:00
432,1,2,Storage,AFTER_HOURS_RESTRICTED_ACCESS,MEDIUM,ACCESS_CONTROL,Badge BADGE-0001 accessed Storage outside working hours,2025-12-21 12:59:00
433,1,2,Office E,DOOR_ACCESS_DENIED,LOW,ACCESS_CONTROL,Badge BADGE-0058 denied entry at Office E (door DOOR-F2-OfficeE),2025-12-21 14:39:00
434,1,1,Storage,AFTER_HOURS_RESTRICTED_ACCESS,MEDIUM,ACCESS_CONTROL,Badge BADGE-0005 accessed Storage outside working hours,2025-12-21 15:09:00
435,1,3,Office G,DOOR_ACCESS_DENIED,LOW,ACCESS_CONTROL,Badge BADGE-0068 denied entry at Office G (door DOOR-F3-OfficeG),2025-12-21 15:32:00
436,1,1,Conference Room,AFTER_HOURS_RESTRICTED_ACCESS,MEDIUM,ACCESS_CONTROL,Badge BADGE-0069 accessed Conference Room outside working hours,2025-12-21 16:00:00
437,1,2,Storage,AFTER_HOURS_RESTRICTED_ACCESS,MEDIUM,ACCESS_CONTROL,Badge BADGE-0002 accessed Storage outside working hours,2025-12-21 16:01:00
438,1,3,Storage,AFTER_HOURS_RESTRICTED_ACCESS,MEDIUM,ACCESS_CONTROL,Badge BADGE-0024 accessed Storage outside working hours,2025-12-21 17:04:00
439,1,1,Conference Room,AFTER_HOURS_RESTRICTED_ACCESS,MEDIUM,ACCESS_CONTROL,Badge BADGE-0042 accessed Conference Room outside working hours,2025-12-21 17:41:00
440,1,2,Storage,AFTER_HOURS_RESTRICTED_ACCESS,MEDIUM,ACCESS_CONTROL,Badge BADGE-0067 accessed Storage outside working hours,2025-12-21 18:51:00
441,1,2,Storage,AFTER_HOURS_RESTRICTED_ACCESS,MEDIUM,ACCESS_CONTROL,Badge BADGE-0058 accessed Storage outside working hours,2025-12-21 20:02:00
442,1,3,Storage,CCTV_MOTION_DETECTED,MEDIUM,CCTV,Camera CAM-F3-Storage detected motion detected (confidence 0.66),2025-12-21 20:32:00
443,1,2,Storage,CCTV_LOITERING,HIGH,CCTV,Camera CAM-F2-Storage detected loitering (confidence 0.7),2025-12-22 00:32:00
444,1,1,Meeting Room 1,CCTV_TAILGATING,HIGH,CCTV,Camera CAM-F1-MeetingRoom1 detected tailgating (confidence 0.73),2025-12-22 04:55:00
445,1,3,Project Room,DOOR_ACCESS_DENIED,LOW,ACCESS_CONTROL,Badge BADGE-0090 denied entry at Project Room (door DOOR-F3-ProjectRoom),2025-12-22 06:16:00
446,1,2,Mobile Zone,CCTV_CAMERA_OFFLINE,MEDIUM,CCTV,Camera CAM-F2-MobileZone detected camera offline (confidence 0.67),2025-12-22 07:56:00
447,1,3,Storage,CCTV_LOITERING,MEDIUM,CCTV,Camera CAM-F3-Storage detected loitering (confidence 0.74),2025-12-22 08:10:00
448,1,1,Office D,CCTV_OBJECT_LEFT_UNATTENDED,MEDIUM,CCTV,Camera CAM-F1-OfficeD detected object left unattended (confidence 0.59),2025-12-22 08:27:00
449,1,2,Mobile Zone,CCTV_LOITERING,MEDIUM,CCTV,Camera CAM-F2-MobileZone detected loitering (confidence 0.64),2025-12-22 08:42:00
450,1,2,Mobile Zone,DOOR_ACCESS_DENIED,LOW,ACCESS_CONTROL,Badge BADGE-0010 denied entry at Mobile Zone (door DOOR-F2-MobileZone),2025-12-22 08:53:00
451,1,3,Project Room,DOOR_ACCESS_DENIED,LOW,ACCESS_CONTROL,Badge BADGE-0048 denied entry at Project Room (door DOOR-F3-ProjectRoom),2025-12-22 09:16:00
452,1,3,Office H,DOOR_ACCESS_DENIED,LOW,ACCESS_CONTROL,Badge BADGE-0003 denied entry at Office H (door DOOR-F3-OfficeH),2025-12-22 10:33:00
453,1,3,Project Room,DOOR_ACCESS_DENIED,LOW,ACCESS_CONTROL,Badge BADGE-0062 denied entry at Project Room (door DOOR-F3-ProjectRoom),2025-12-22 10:34:00
454,1,2,Office E,DOOR_ACCESS_DENIED,LOW,ACCESS_CONTROL,Badge BADGE-0019 denied entry at Office E (door DOOR-F2-OfficeE),2025-12-22 10:39:00
455,1,1,Office C,DOOR_ACCESS_DENIED,LOW,ACCESS_CONTROL,Badge BADGE-0046 denied entry at Office C (door DOOR-F1-OfficeC),2025-12-22 10:52:00
456,1,3,Common Area,DOOR_ACCESS_DENIED,LOW,ACCESS_CONTROL,Badge BADGE-0045 denied entry at Common Area (door DOOR-F3-CommonArea),2025-12-22 11:17:00
457,1,2,Office E,DOOR_ACCESS_DENIED,LOW,ACCESS_CONTROL,Badge BADGE-0066 denied entry at Office E (door DOOR-F2-OfficeE),2025-12-22 11:20:00
458,1,3,Office I,DOOR_ACCESS_DENIED,LOW,ACCESS_CONTROL,Badge BADGE-0054 denied entry at Office I (door DOOR-F3-OfficeI),2025-12-22 11:24:00
459,1,1,Office B,CCTV_LOITERING,MEDIUM,CCTV,Camera CAM-F1-OfficeB detected loitering (confidence 0.87),2025-12-22 14:35:00
460,1,1,Cafeteria,DOOR_ACCESS_DENIED,LOW,ACCESS_CONTROL,Badge BADGE-0043 denied entry at Cafeteria (door DOOR-F1-Cafeteria),2025-12-22 14:54:00
461,1,1,Cafeteria,CCTV_LOITERING,MEDIUM,CCTV,Camera CAM-F1-Cafeteria detected loitering (confidence 0.59),2025-12-22 18:04:00
462,1,3,Office I,CCTV_OBJECT_LEFT_UNATTENDED,MEDIUM,CCTV,Camera CAM-F3-OfficeI detected object left unattended (confidence 0.75),2025-12-22 18:31:00
463,1,3,Meeting Room 3,CCTV_OBJECT_LEFT_UNATTENDED,MEDIUM,CCTV,Camera CAM-F3-MeetingRoom3 detected object left unattended (confidence 0.69),2025-12-22 18:48:00
464,1,1,Storage,CCTV_MOTION_DETECTED,MEDIUM,CCTV,Camera CAM-F1-Storage detected motion detected (confidence 0.88),2025-12-22 19:28:00
465,1,1,Office C,CCTV_CAMERA_OFFLINE,MEDIUM,CCTV,Camera CAM-F1-OfficeC detected camera offline (confidence 0.57),2025-12-22 20:02:00
466,1,1,Storage,CCTV_TAILGATING,CRITICAL,CCTV,Camera CAM-F1-Storage detected tailgating (confidence 0.68),2025-12-22 20:28:00
467,1,1,Office D,CCTV_TAILGATING,HIGH,CCTV,Camera CAM-F1-OfficeD detected tailgating (confidence 0.9),2025-12-22 22:16:00
468,1,3,Office H,DOOR_ACCESS_DENIED,LOW,ACCESS_CONTROL,Badge BADGE-0008 denied entry at Office H (door DOOR-F3-OfficeH),2025-12-23 08:50:00
469,1,3,Project Room,DOOR_ACCESS_DENIED,LOW,ACCESS_CONTROL,Badge BADGE-0081 denied entry at Project Room (door DOOR-F3-ProjectRoom),2025-12-23 09:13:00
470,1,3,Storage,CCTV_MOTION_DETECTED,MEDIUM,CCTV,Camera CAM-F3-Storage detected motion detected (confidence 0.94),2025-12-23 09:58:00
471,1,1,Storage,UNAUTHORIZED_ACCESS_RESTRICTED_AREA,HIGH,ACCESS_CONTROL,Badge BADGE-0087 denied entry at Storage (door DOOR-F1-Storage),2025-12-23 10:35:00
472,1,1,Office A,DOOR_ACCESS_DENIED,LOW,ACCESS_CONTROL,Badge BADGE-0086 denied entry at Office A (door DOOR-F1-OfficeA),2025-12-23 11:57:00
473,1,2,Office E,DOOR_ACCESS_DENIED,LOW,ACCESS_CONTROL,Badge BADGE-0053 denied entry at Office E (door DOOR-F2-OfficeE),2025-12-23 13:19:00
474,1,2,Office E,DOOR_ACCESS_DENIED,LOW,ACCESS_CONTROL,Badge BADGE-0043 denied entry at Office E (door DOOR-F2-OfficeE),2025-12-23 13:39:00
475,1,3,Meeting Room 3,CCTV_CAMERA_OFFLINE,MEDIUM,CCTV,Camera CAM-F3-MeetingRoom3 detected camera offline (confidence 0.95),2025-12-23 13:56:00
476,1,1,Conference Room,UNAUTHORIZED_ACCESS_RESTRICTED_AREA,HIGH,ACCESS_CONTROL,Badge BADGE-0040 denied entry at Conference Room (door DOOR-F1-ConferenceRoom),2025-12-23 13:56:00
477,1,1,Conference Room,CCTV_OBJECT_LEFT_UNATTENDED,MEDIUM,CCTV,Camera CAM-F1-ConferenceRoom detected object left unattended (confidence 0.57),2025-12-23 14:56:00
478,1,1,Office A,DOOR_ACCESS_DENIED,LOW,ACCESS_CONTROL,Badge BADGE-0007 denied entry at Office A (door DOOR-F1-OfficeA),2025-12-23 15:32:00
479,1,1,Conference Room,CCTV_MOTION_DETECTED,MEDIUM,CCTV,Camera CAM-F1-ConferenceRoom detected motion detected (confidence 0.71),2025-12-23 17:57:00
480,1,1,Office C,CCTV_CAMERA_OFFLINE,MEDIUM,CCTV,Camera CAM-F1-OfficeC detected camera offline (confidence 0.71),2025-12-23 18:33:00
481,1,1,Lobby,CCTV_LOITERING,MEDIUM,CCTV,Camera CAM-F1-Lobby detected loitering (confidence 0.94),2025-12-23 18:45:00
482,1,1,Office D,CCTV_LOITERING,MEDIUM,CCTV,Camera CAM-F1-OfficeD detected loitering (confidence 0.9),2025-12-23 20:48:00
483,1,1,Office C,CCTV_LOITERING,MEDIUM,CCTV,Camera CAM-F1-OfficeC detected loitering (confidence 0.62),2025-12-23 21:07:00
484,1,1,Office D,CCTV_TAILGATING,HIGH,CCTV,Camera CAM-F1-OfficeD detected tailgating (confidence 0.77),2025-12-24 06:21:00
485,1,2,Office F,DOOR_ACCESS_DENIED,LOW,ACCESS_CONTROL,Badge BADGE-0028 denied entry at Office F (door DOOR-F2-OfficeF),2025-12-24 06:40:00
486,1,3,Office G,CCTV_LOITERING,MEDIUM,CCTV,Camera CAM-F3-OfficeG detected loitering (confidence 0.58),2025-12-24 07:10:00
487,1,3,Break Area,CCTV_CAMERA_OFFLINE,MEDIUM,CCTV,Camera CAM-F3-BreakArea detected camera offline (confidence 0.89),2025-12-24 07:20:00
488,1,2,Storage,CCTV_MOTION_DETECTED,MEDIUM,CCTV,Camera CAM-F2-Storage detected motion detected (confidence 0.68),2025-12-24 07:20:00
489,1,2,Mobile Zone,DOOR_ACCESS_DENIED,LOW,ACCESS_CONTROL,Badge BADGE-0009 denied entry at Mobile Zone (door DOOR-F2-MobileZone),2025-12-24 07:29:00
490,1,1,Office C,CCTV_OBJECT_LEFT_UNATTENDED,MEDIUM,CCTV,Camera CAM-F1-OfficeC detected object left unattended (confidence 0.67),2025-12-24 07:54:00
491,1,3,Project Room,DOOR_ACCESS_DENIED,LOW,ACCESS_CONTROL,Badge BADGE-0053 denied entry at Project Room (door DOOR-F3-ProjectRoom),2025-12-24 08:19:00
492,1,3,Project Room,DOOR_ACCESS_DENIED,LOW,ACCESS_CONTROL,Badge BADGE-0028 denied entry at Project Room (door DOOR-F3-ProjectRoom),2025-12-24 09:30:00
493,1,3,Project Room,DOOR_ACCESS_DENIED,LOW,ACCESS_CONTROL,Badge BADGE-0014 denied entry at Project Room (door DOOR-F3-ProjectRoom),2025-12-24 09:48:00
494,1,1,Cafeteria,DOOR_ACCESS_DENIED,LOW,ACCESS_CONTROL,Badge BADGE-0006 denied entry at Cafeteria (door DOOR-F1-Cafeteria),2025-12-24 10:00:00
495,1,2,Mobile Zone,DOOR_ACCESS_DENIED,LOW,ACCESS_CONTROL,Badge BADGE-0029 denied entry at Mobile Zone (door DOOR-F2-MobileZone),2025-12-24 10:10:00
496,1,2,Office E,CCTV_CAMERA_OFFLINE,MEDIUM,CCTV,Camera CAM-F2-OfficeE detected camera offline (confidence 0.9),2025-12-24 10:16:00
497,1,3,Project Room,DOOR_ACCESS_DENIED,LOW,ACCESS_CONTROL,Badge BADGE-0015 denied entry at Project Room (door DOOR-F3-ProjectRoom),2025-12-24 10:45:00
498,1,1,Conference Room,CCTV_CAMERA_OFFLINE,MEDIUM,CCTV,Camera CAM-F1-ConferenceRoom detected camera offline (confidence 0.87),2025-12-24 11:00:00
499,1,1,Office B,DOOR_ACCESS_DENIED,LOW,ACCESS_CONTROL,Badge BADGE-0024 denied entry at Office B (door DOOR-F1-OfficeB),2025-12-24 11:20:00
500,1,3,Project Room,DOOR_ACCESS_DENIED,LOW,ACCESS_CONTROL,Badge BADGE-0021 denied entry at Project Room (door DOOR-F3-ProjectRoom),2025-12-24 11:23:00
501,1,3,Project Room,DOOR_ACCESS_DENIED,LOW,ACCESS_CONTROL,Badge BADGE-0011 denied entry at Project Room (door DOOR-F3-ProjectRoom),2025-12-24 11:50:00
502,1,1,Office D,CCTV_OBJECT_LEFT_UNATTENDED,MEDIUM,CCTV,Camera CAM-F1-OfficeD detected object left unattended (confidence 0.58),2025-12-24 11:51:00
503,1,3,Project Room,DOOR_ACCESS_DENIED,LOW,ACCESS_CONTROL,Badge BADGE-0022 denied entry at Project Room (door DOOR-F3-ProjectRoom),2025-12-24 12:19:00
504,1,3,Project Room,DOOR_ACCESS_DENIED,LOW,ACCESS_CONTROL,Badge BADGE-0054 denied entry at Project Room (door DOOR-F3-ProjectRoom),2025-12-24 12:23:00
505,1,1,Meeting Room 1,CCTV_OBJECT_LEFT_UNATTENDED,MEDIUM,CCTV,Camera CAM-F1-MeetingRoom1 detected object left unattended (confidence 0.72),2025-12-24 14:13:00
506,1,2,Mobile Zone,CCTV_LOITERING,MEDIUM,CCTV,Camera CAM-F2-MobileZone detected loitering (confidence 0.72),2025-12-24 16:28:00
507,1,2,Storage,UNAUTHORIZED_ACCESS_RESTRICTED_AREA,HIGH,ACCESS_CONTROL,Badge BADGE-0034 denied entry at Storage (door DOOR-F2-Storage),2025-12-24 17:10:00
508,1,3,Project Room,CCTV_OBJECT_LEFT_UNATTENDED,MEDIUM,CCTV,Camera CAM-F3-ProjectRoom detected object left unattended (confidence 0.98),2025-12-24 17:14:00
509,1,2,Meeting Room 2,CCTV_TAILGATING,HIGH,CCTV,Camera CAM-F2-MeetingRoom2 detected tailgating (confidence 0.87),2025-12-24 20:35:00
510,1,2,Office F,CCTV_OBJECT_LEFT_UNATTENDED,MEDIUM,CCTV,Camera CAM-F2-OfficeF detected object left unattended (confidence 0.69),2025-12-24 20:39:00
511,1,1,Office C,CCTV_TAILGATING,HIGH,CCTV,Camera CAM-F1-OfficeC detected tailgating (confidence 0.85),2025-12-24 23:04:00
512,1,3,Storage,CCTV_MOTION_DETECTED,MEDIUM,CCTV,Camera CAM-F3-Storage detected motion detected (confidence 0.88),2025-12-25 07:12:00
513,1,3,Office I,CCTV_CAMERA_OFFLINE,MEDIUM,CCTV,Camera CAM-F3-OfficeI detected camera offline (confidence 0.85),2025-12-25 07:34:00
514,1,2,Office F,DOOR_ACCESS_DENIED,LOW,ACCESS_CONTROL,Badge BADGE-0052 denied entry at Office F (door DOOR-F2-OfficeF),2025-12-25 08:12:00
515,1,3,Project Room,DOOR_ACCESS_DENIED,LOW,ACCESS_CONTROL,Badge BADGE-0006 denied entry at Project Room (door DOOR-F3-ProjectRoom),2025-12-25 08:25:00
516,1,2,Mobile Zone,CCTV_OBJECT_LEFT_UNATTENDED,MEDIUM,CCTV,Camera CAM-F2-MobileZone detected object left unattended (confidence 0.56),2025-12-25 08:25:00
517,1,1,Office A,DOOR_ACCESS_DENIED,LOW,ACCESS_CONTROL,Badge BADGE-0042 denied entry at Office A (door DOOR-F1-OfficeA),2025-12-25 09:02:00
518,1,3,Project Room,DOOR_ACCESS_DENIED,LOW,ACCESS_CONTROL,Badge BADGE-0034 denied entry at Project Room (door DOOR-F3-ProjectRoom),2025-12-25 09:14:00
519,1,3,Project Room,DOOR_ACCESS_DENIED,LOW,ACCESS_CONTROL,Badge BADGE-0083 denied entry at Project Room (door DOOR-F3-ProjectRoom),2025-12-25 10:20:00
520,1,3,Project Room,DOOR_ACCESS_DENIED,LOW,ACCESS_CONTROL,Badge BADGE-0018 denied entry at Project Room (door DOOR-F3-ProjectRoom),2025-12-25 10:33:00
521,1,3,Project Room,DOOR_ACCESS_DENIED,LOW,ACCESS_CONTROL,Badge BADGE-0080 denied entry at Project Room (door DOOR-F3-ProjectRoom),2025-12-25 10:45:00
522,1,3,Meeting Room 3,CCTV_LOITERING,MEDIUM,CCTV,Camera CAM-F3-MeetingRoom3 detected loitering (confidence 0.88),2025-12-25 11:02:00
523,1,2,Mobile Zone,DOOR_ACCESS_DENIED,LOW,ACCESS_CONTROL,Badge BADGE-0046 denied entry at Mobile Zone (door DOOR-F2-MobileZone),2025-12-25 11:25:00
524,1,1,Office C,DOOR_ACCESS_DENIED,LOW,ACCESS_CONTROL,Badge BADGE-0052 denied entry at Office C (door DOOR-F1-OfficeC),2025-12-25 12:10:00
525,1,3,Common Area,DOOR_ACCESS_DENIED,LOW,ACCESS_CONTROL,Badge BADGE-0044 denied entry at Common Area (door DOOR-F3-CommonArea),2025-12-25 13:12:00
526,1,1,Office A,DOOR_ACCESS_DENIED,LOW,ACCESS_CONTROL,Badge BADGE-0029 denied entry at Office A (door DOOR-F1-OfficeA),2025-12-25 13:14:00
527,1,3,Common Area,DOOR_ACCESS_DENIED,LOW,ACCESS_CONTROL,Badge BADGE-0087 denied entry at Common Area (door DOOR-F3-CommonArea),2025-12-25 14:24:00
528,1,1,Office C,DOOR_ACCESS_DENIED,LOW,ACCESS_CONTROL,Badge BADGE-0074 denied entry at Office C (door DOOR-F1-OfficeC),2025-12-25 14:50:00
529,1,1,Lobby,CCTV_OBJECT_LEFT_UNATTENDED,MEDIUM,CCTV,Camera CAM-F1-Lobby detected object left unattended (confidence 0.97),2025-12-25 15:01:00
530,1,3,Project Room,DOOR_ACCESS_DENIED,LOW,ACCESS_CONTROL,Badge BADGE-0061 denied entry at Project Room (door DOOR-F3-ProjectRoom),2025-12-25 15:07:00
531,1,2,Storage,UNAUTHORIZED_ACCESS_RESTRICTED_AREA,HIGH,ACCESS_CONTROL,Badge BADGE-0069 denied entry at Storage (door DOOR-F2-Storage),2025-12-25 15:24:00
532,1,2,Common Area,CCTV_TAILGATING,HIGH,CCTV,Camera CAM-F2-CommonArea detected tailgating (confidence 0.77),2025-12-25 20:32:00
533,1,3,Common Area,CCTV_TAILGATING,HIGH,CCTV,Camera CAM-F3-CommonArea detected tailgating (confidence 0.72),2025-12-26 00:23:00
534,1,2,Mobile Zone,CCTV_TAILGATING,HIGH,CCTV,Camera CAM-F2-MobileZone detected tailgating (confidence 0.56),2025-12-26 06:14:00
535,1,1,Conference Room,CCTV_TAILGATING,CRITICAL,CCTV,Camera CAM-F1-ConferenceRoom detected tailgating (confidence 0.97),2025-12-26 06:55:00
536,1,3,Project Room,DOOR_ACCESS_DENIED,LOW,ACCESS_CONTROL,Badge BADGE-0066 denied entry at Project Room (door DOOR-F3-ProjectRoom),2025-12-26 07:32:00
537,1,1,Office B,DOOR_ACCESS_DENIED,LOW,ACCESS_CONTROL,Badge BADGE-0004 denied entry at Office B (door DOOR-F1-OfficeB),2025-12-26 07:43:00
538,1,1,Lobby,DOOR_ACCESS_DENIED,LOW,ACCESS_CONTROL,Badge BADGE-0018 denied entry at Lobby (door DOOR-F1-Lobby),2025-12-26 08:05:00
539,1,3,Office H,DOOR_ACCESS_DENIED,LOW,ACCESS_CONTROL,Badge BADGE-0019 denied entry at Office H (door DOOR-F3-OfficeH),2025-12-26 08:45:00
540,1,1,Office B,DOOR_ACCESS_DENIED,LOW,ACCESS_CONTROL,Badge BADGE-0028 denied entry at Office B (door DOOR-F1-OfficeB),2025-12-26 08:56:00
541,1,3,Office G,DOOR_ACCESS_DENIED,LOW,ACCESS_CONTROL,Badge BADGE-0069 denied entry at Office G (door DOOR-F3-OfficeG),2025-12-26 09:05:00
542,1,2,Common Area,DOOR_ACCESS_DENIED,LOW,ACCESS_CONTROL,Badge BADGE-0054 denied entry at Common Area (door DOOR-F2-CommonArea),2025-12-26 09:40:00
543,1,3,Office I,DOOR_ACCESS_DENIED,LOW,ACCESS_CONTROL,Badge BADGE-0025 denied entry at Office I (door DOOR-F3-OfficeI),2025-12-26 09:59:00
544,1,1,Meeting Room 1,DOOR_ACCESS_DENIED,LOW,ACCESS_CONTROL,Badge BADGE-0009 denied entry at Meeting Room 1 (door DOOR-F1-MeetingRoom1),2025-12-26 10:02:00
545,1,3,Project Room,DOOR_ACCESS_DENIED,LOW,ACCESS_CONTROL,Badge BADGE-0074 denied entry at Project Room (door DOOR-F3-ProjectRoom),2025-12-26 10:52:00
546,1,3,Office H,CCTV_OBJECT_LEFT_UNATTENDED,MEDIUM,CCTV,Camera CAM-F3-OfficeH detected object left unattended (confidence 0.69),2025-12-26 11:02:00
547,1,1,Office C,CCTV_OBJECT_LEFT_UNATTENDED,MEDIUM,CCTV,Camera CAM-F1-OfficeC detected object left unattended (confidence 0.84),2025-12-26 11:38:00
548,1,2,Common Area,DOOR_ACCESS_DENIED,LOW,ACCESS_CONTROL,Badge BADGE-0015 denied entry at Common Area (door DOOR-F2-CommonArea),2025-12-26 12:27:00
549,1,1,Office A,CCTV_OBJECT_LEFT_UNATTENDED,MEDIUM,CCTV,Camera CAM-F1-OfficeA detected object left unattended (confidence 0.79),2025-12-26 12:56:00
550,1,1,Storage,UNAUTHORIZED_ACCESS_RESTRICTED_AREA,HIGH,ACCESS_CONTROL,Badge BADGE-0027 denied entry at Storage (door DOOR-F1-Storage),2025-12-26 13:19:00
551,1,3,Project Room,DOOR_ACCESS_DENIED,LOW,ACCESS_CONTROL,Badge BADGE-0033 denied entry at Project Room (door DOOR-F3-ProjectRoom),2025-12-26 13:54:00
552,1,2,Common Area,CCTV_LOITERING,MEDIUM,CCTV,Camera CAM-F2-CommonArea detected loitering (confidence 0.86),2025-12-26 16:15:00
553,1,1,Lobby,DOOR_ACCESS_DENIED,LOW,ACCESS_CONTROL,Badge BADGE-0087 denied entry at Lobby (door DOOR-F1-Lobby),2025-12-26 16:48:00
554,1,3,Office H,CCTV_LOITERING,MEDIUM,CCTV,Camera CAM-F3-OfficeH detected loitering (confidence 0.99),2025-12-26 20:07:00
555,1,2,Meeting Room 2,CCTV_LOITERING,MEDIUM,CCTV,Camera CAM-F2-MeetingRoom2 detected loitering (confidence 0.73),2025-12-26 20:18:00
556,1,1,Meeting Room 1,CCTV_CAMERA_OFFLINE,MEDIUM,CCTV,Camera CAM-F1-MeetingRoom1 detected camera offline (confidence 0.79),2025-12-26 20:57:00
557,1,1,Storage,CCTV_LOITERING,HIGH,CCTV,Camera CAM-F1-Storage detected loitering (confidence 0.78),2025-12-27 02:14:00
558,1,1,Storage,CCTV_LOITERING,HIGH,CCTV,Camera CAM-F1-Storage detected loitering (confidence 0.6),2025-12-27 03:26:00
559,1,2,Common Area,CCTV_TAILGATING,HIGH,CCTV,Camera CAM-F2-CommonArea detected tailgating (confidence 0.62),2025-12-27 06:28:00
560,1,1,Conference Room,CCTV_LOITERING,HIGH,CCTV,Camera CAM-F1-ConferenceRoom detected loitering (confidence 0.87),2025-12-27 08:50:00
561,1,3,Meeting Room 3,DOOR_ACCESS_DENIED,LOW,ACCESS_CONTROL,Badge BADGE-0023 denied entry at Meeting Room 3 (door DOOR-F3-MeetingRoom3),2025-12-27 11:14:00
562,1,2,Storage,UNAUTHORIZED_ACCESS_RESTRICTED_AREA,HIGH,ACCESS_CONTROL,Badge BADGE-0046 denied entry at Storage (door DOOR-F2-Storage),2025-12-27 12:33:00
563,1,3,Storage,AFTER_HOURS_RESTRICTED_ACCESS,MEDIUM,ACCESS_CONTROL,Badge BADGE-0027 accessed Storage outside working hours,2025-12-27 12:57:00
564,1,3,Office G,DOOR_ACCESS_DENIED,LOW,ACCESS_CONTROL,Badge BADGE-0069 denied entry at Office G (door DOOR-F3-OfficeG),2025-12-27 13:04:00
565,1,1,Office C,CCTV_LOITERING,MEDIUM,CCTV,Camera CAM-F1-OfficeC detected loitering (confidence 0.85),2025-12-27 14:02:00
566,1,3,Meeting Room 3,CCTV_CAMERA_OFFLINE,MEDIUM,CCTV,Camera CAM-F3-MeetingRoom3 detected camera offline (confidence 0.91),2025-12-27 14:02:00
567,1,2,Storage,AFTER_HOURS_RESTRICTED_ACCESS,MEDIUM,ACCESS_CONTROL,Badge BADGE-0023 accessed Storage outside working hours,2025-12-27 14:50:00
568,1,3,Storage,AFTER_HOURS_RESTRICTED_ACCESS,MEDIUM,ACCESS_CONTROL,Badge BADGE-0070 accessed Storage outside working hours,2025-12-27 14:55:00
569,1,1,Cafeteria,CCTV_OBJECT_LEFT_UNATTENDED,MEDIUM,CCTV,Camera CAM-F1-Cafeteria detected object left unattended (confidence 0.63),2025-12-27 15:25:00
570,1,1,Conference Room,CCTV_TAILGATING,CRITICAL,CCTV,Camera CAM-F1-ConferenceRoom detected tailgating (confidence 0.58),2025-12-27 15:28:00
571,1,2,Office E,CCTV_TAILGATING,HIGH,CCTV,Camera CAM-F2-OfficeE detected tailgating (confidence 0.85),2025-12-27 15:42:00
572,1,3,Storage,AFTER_HOURS_RESTRICTED_ACCESS,MEDIUM,ACCESS_CONTROL,Badge BADGE-0008 accessed Storage outside working hours,2025-12-27 19:35:00
573,1,2,Office F,CCTV_OBJECT_LEFT_UNATTENDED,MEDIUM,CCTV,Camera CAM-F2-OfficeF detected object left unattended (confidence 0.55),2025-12-27 20:02:00
574,1,3,Office G,CCTV_LOITERING,MEDIUM,CCTV,Camera CAM-F3-OfficeG detected loitering (confidence 0.83),2025-12-27 22:08:00
575,1,1,Office A,CCTV_LOITERING,MEDIUM,CCTV,Camera CAM-F1-OfficeA detected loitering (confidence 0.71),2025-12-27 22:43:00
576,1,2,Meeting Room 2,CCTV_TAILGATING,HIGH,CCTV,Camera CAM-F2-MeetingRoom2 detected tailgating (confidence 0.84),2025-12-28 00:31:00
577,1,2,Mobile Zone,CCTV_LOITERING,MEDIUM,CCTV,Camera CAM-F2-MobileZone detected loitering (confidence 0.85),2025-12-28 03:25:00
578,1,3,Project Room,DOOR_ACCESS_DENIED,LOW,ACCESS_CONTROL,Badge BADGE-0016 denied entry at Project Room (door DOOR-F3-ProjectRoom),2025-12-28 10:06:00
579,1,1,Office C,DOOR_ACCESS_DENIED,LOW,ACCESS_CONTROL,Badge BADGE-0067 denied entry at Office C (door DOOR-F1-OfficeC),2025-12-28 10:12:00
580,1,1,Lobby,CCTV_TAILGATING,HIGH,CCTV,Camera CAM-F1-Lobby detected tailgating (confidence 0.85),2025-12-28 10:13:00
581,1,3,Storage,CCTV_MOTION_DETECTED,MEDIUM,CCTV,Camera CAM-F3-Storage detected motion detected (confidence 0.68),2025-12-28 10:17:00
582,1,1,Meeting Room 1,CCTV_TAILGATING,HIGH,CCTV,Camera CAM-F1-MeetingRoom1 detected tailgating (confidence 0.85),2025-12-28 10:55:00
583,1,1,Office B,DOOR_ACCESS_DENIED,LOW,ACCESS_CONTROL,Badge BADGE-0036 denied entry at Office B (door DOOR-F1-OfficeB),2025-12-28 11:02:00
584,1,1,Conference Room,AFTER_HOURS_RESTRICTED_ACCESS,MEDIUM,ACCESS_CONTROL,Badge BADGE-0057 accessed Conference Room outside working hours,2025-12-28 11:06:00
585,1,2,Office F,DOOR_ACCESS_DENIED,LOW,ACCESS_CONTROL,Badge BADGE-0069 denied entry at Office F (door DOOR-F2-OfficeF),2025-12-28 11:35:00
586,1,1,Conference Room,AFTER_HOURS_RESTRICTED_ACCESS,MEDIUM,ACCESS_CONTROL,Badge BADGE-0042 accessed Conference Room outside working hours,2025-12-28 12:31:00
587,1,1,Storage,AFTER_HOURS_RESTRICTED_ACCESS,MEDIUM,ACCESS_CONTROL,Badge BADGE-0058 accessed Storage outside working hours,2025-12-28 12:46:00
588,1,2,Storage,AFTER_HOURS_RESTRICTED_ACCESS,MEDIUM,ACCESS_CONTROL,Badge BADGE-0025 accessed Storage outside working hours,2025-12-28 12:55:00
589,1,1,Conference Room,AFTER_HOURS_RESTRICTED_ACCESS,MEDIUM,ACCESS_CONTROL,Badge BADGE-0036 accessed Conference Room outside working hours,2025-12-28 13:30:00
590,1,3,Storage,CCTV_MOTION_DETECTED,MEDIUM,CCTV,Camera CAM-F3-Storage detected motion detected (confidence 0.74),2025-12-28 13:43:00
591,1,2,Storage,AFTER_HOURS_RESTRICTED_ACCESS,MEDIUM,ACCESS_CONTROL,Badge BADGE-0035 accessed Storage outside working hours,2025-12-28 13:46:00
592,1,1,Storage,AFTER_HOURS_RESTRICTED_ACCESS,MEDIUM,ACCESS_CONTROL,Badge BADGE-0028 accessed Storage outside working hours,2025-12-28 14:27:00
593,1,1,Storage,UNAUTHORIZED_ACCESS_RESTRICTED_AREA,HIGH,ACCESS_CONTROL,Badge BADGE-0010 denied entry at Storage (door DOOR-F1-Storage),2025-12-28 16:51:00
594,1,3,Project Room,CCTV_LOITERING,MEDIUM,CCTV,Camera CAM-F3-ProjectRoom detected loitering (confidence 0.71),2025-12-28 17:54:00
595,1,3,Common Area,CCTV_OBJECT_LEFT_UNATTENDED,MEDIUM,CCTV,Camera CAM-F3-CommonArea detected object left unattended (confidence 0.62),2025-12-28 18:38:00
596,1,3,Meeting Room 3,CCTV_OBJECT_LEFT_UNATTENDED,MEDIUM,CCTV,Camera CAM-F3-MeetingRoom3 detected object left unattended (confidence 0.81),2025-12-28 19:31:00
597,1,1,Office B,CCTV_LOITERING,MEDIUM,CCTV,Camera CAM-F1-OfficeB detected loitering (confidence 0.9),2025-12-29 00:02:00
598,1,2,Common Area,DOOR_ACCESS_DENIED,LOW,ACCESS_CONTROL,Badge BADGE-0018 denied entry at Common Area (door DOOR-F2-CommonArea),2025-12-29 06:02:00
599,1,2,Mobile Zone,CCTV_LOITERING,MEDIUM,CCTV,Camera CAM-F2-MobileZone detected loitering (confidence 0.98),2025-12-29 07:08:00
600,1,2,Storage,CCTV_CROWD_DETECTED,MEDIUM,CCTV,Camera CAM-F2-Storage detected crowd detected (confidence 0.6),2025-12-29 07:18:00
601,1,1,Office D,DOOR_ACCESS_DENIED,LOW,ACCESS_CONTROL,Badge BADGE-0059 denied entry at Office D (door DOOR-F1-OfficeD),2025-12-29 08:36:00
602,1,3,Break Area,DOOR_ACCESS_DENIED,LOW,ACCESS_CONTROL,Badge BADGE-0050 denied entry at Break Area (door DOOR-F3-BreakArea),2025-12-29 08:39:00
603,1,3,Meeting Room 3,DOOR_ACCESS_DENIED,LOW,ACCESS_CONTROL,Badge BADGE-0074 denied entry at Meeting Room 3 (door DOOR-F3-MeetingRoom3),2025-12-29 09:07:00
604,1,1,Conference Room,CCTV_MOTION_DETECTED,MEDIUM,CCTV,Camera CAM-F1-ConferenceRoom detected motion detected (confidence 0.56),2025-12-29 09:46:00
605,1,1,Office C,DOOR_ACCESS_DENIED,LOW,ACCESS_CONTROL,Badge BADGE-0031 denied entry at Office C (door DOOR-F1-OfficeC),2025-12-29 10:20:00
606,1,3,Break Area,DOOR_ACCESS_DENIED,LOW,ACCESS_CONTROL,Badge BADGE-0054 denied entry at Break Area (door DOOR-F3-BreakArea),2025-12-29 10:22:00
607,1,3,Project Room,DOOR_ACCESS_DENIED,LOW,ACCESS_CONTROL,Badge BADGE-0012 denied entry at Project Room (door DOOR-F3-ProjectRoom),2025-12-29 10:29:00
608,1,1,Office C,CCTV_OBJECT_LEFT_UNATTENDED,MEDIUM,CCTV,Camera CAM-F1-OfficeC detected object left unattended (confidence 0.7),2025-12-29 10:33:00
609,1,3,Office I,DOOR_ACCESS_DENIED,LOW,ACCESS_CONTROL,Badge BADGE-0023 denied entry at Office I (door DOOR-F3-OfficeI),2025-12-29 10:36:00
610,1,3,Project Room,DOOR_ACCESS_DENIED,LOW,ACCESS_CONTROL,Badge BADGE-0062 denied entry at Project Room (door DOOR-F3-ProjectRoom),2025-12-29 11:14:00
611,1,3,Project Room,DOOR_ACCESS_DENIED,LOW,ACCESS_CONTROL,Badge BADGE-0022 denied entry at Project Room (door DOOR-F3-ProjectRoom),2025-12-29 11:14:00
612,1,3,Office G,CCTV_LOITERING,MEDIUM,CCTV,Camera CAM-F3-OfficeG detected loitering (confidence 0.65),2025-12-29 11:29:00
613,1,3,Project Room,DOOR_ACCESS_DENIED,LOW,ACCESS_CONTROL,Badge BADGE-0038 denied entry at Project Room (door DOOR-F3-ProjectRoom),2025-12-29 13:03:00
614,1,3,Office H,DOOR_ACCESS_DENIED,LOW,ACCESS_CONTROL,Badge BADGE-0039 denied entry at Office H (door DOOR-F3-OfficeH),2025-12-29 13:32:00
615,1,2,Storage,UNAUTHORIZED_ACCESS_RESTRICTED_AREA,HIGH,ACCESS_CONTROL,Badge BADGE-0078 denied entry at Storage (door DOOR-F2-Storage),2025-12-29 15:51:00
616,1,3,Project Room,DOOR_ACCESS_DENIED,LOW,ACCESS_CONTROL,Badge BADGE-0080 denied entry at Project Room (door DOOR-F3-ProjectRoom),2025-12-29 17:09:00
617,1,3,Office I,CCTV_LOITERING,MEDIUM,CCTV,Camera CAM-F3-OfficeI detected loitering (confidence 0.78),2025-12-29 17:30:00
618,1,1,Storage,CCTV_TAILGATING,CRITICAL,CCTV,Camera CAM-F1-Storage detected tailgating (confidence 0.65),2025-12-30 06:32:00
619,1,3,Project Room,CCTV_TAILGATING,HIGH,CCTV,Camera CAM-F3-ProjectRoom detected tailgating (confidence 0.88),2025-12-30 06:49:00
620,1,2,Storage,CCTV_TAILGATING,CRITICAL,CCTV,Camera CAM-F2-Storage detected tailgating (confidence 0.87),2025-12-30 07:48:00
621,1,3,Project Room,DOOR_ACCESS_DENIED,LOW,ACCESS_CONTROL,Badge BADGE-0051 denied entry at Project Room (door DOOR-F3-ProjectRoom),2025-12-30 08:30:00
622,1,3,Storage,UNAUTHORIZED_ACCESS_RESTRICTED_AREA,HIGH,ACCESS_CONTROL,Badge BADGE-0088 denied entry at Storage (door DOOR-F3-Storage),2025-12-30 08:32:00
623,1,2,Mobile Zone,DOOR_ACCESS_DENIED,LOW,ACCESS_CONTROL,Badge BADGE-0086 denied entry at Mobile Zone (door DOOR-F2-MobileZone),2025-12-30 09:28:00
624,1,3,Project Room,DOOR_ACCESS_DENIED,LOW,ACCESS_CONTROL,Badge BADGE-0083 denied entry at Project Room (door DOOR-F3-ProjectRoom),2025-12-30 09:40:00
625,1,3,Office I,DOOR_ACCESS_DENIED,LOW,ACCESS_CONTROL,Badge BADGE-0052 denied entry at Office I (door DOOR-F3-OfficeI),2025-12-30 09:46:00
626,1,1,Office C,DOOR_ACCESS_DENIED,LOW,ACCESS_CONTROL,Badge BADGE-0018 denied entry at Office C (door DOOR-F1-OfficeC),2025-12-30 10:41:00
627,1,3,Office G,DOOR_ACCESS_DENIED,LOW,ACCESS_CONTROL,Badge BADGE-0049 denied entry at Office G (door DOOR-F3-OfficeG),2025-12-30 10:58:00
628,1,3,Office G,DOOR_ACCESS_DENIED,LOW,ACCESS_CONTROL,Badge BADGE-0044 denied entry at Office G (door DOOR-F3-OfficeG),2025-12-30 11:53:00
629,1,3,Office I,CCTV_TAILGATING,HIGH,CCTV,Camera CAM-F3-OfficeI detected tailgating (confidence 0.77),2025-12-30 12:01:00
630,1,3,Project Room,DOOR_ACCESS_DENIED,LOW,ACCESS_CONTROL,Badge BADGE-0076 denied entry at Project Room (door DOOR-F3-ProjectRoom),2025-12-30 12:04:00
631,1,1,Office B,DOOR_ACCESS_DENIED,LOW,ACCESS_CONTROL,Badge BADGE-0009 denied entry at Office B (door DOOR-F1-OfficeB),2025-12-30 12:43:00
632,1,1,Storage,CCTV_MOTION_DETECTED,MEDIUM,CCTV,Camera CAM-F1-Storage detected motion detected (confidence 0.68),2025-12-30 13:59:00
633,1,3,Project Room,DOOR_ACCESS_DENIED,LOW,ACCESS_CONTROL,Badge BADGE-0047 denied entry at Project Room (door DOOR-F3-ProjectRoom),2025-12-30 14:17:00
634,1,1,Conference Room,UNAUTHORIZED_ACCESS_RESTRICTED_AREA,HIGH,ACCESS_CONTROL,Badge BADGE-0040 denied entry at Conference Room (door DOOR-F1-ConferenceRoom),2025-12-30 14:27:00
635,1,3,Storage,CCTV_MOTION_DETECTED,MEDIUM,CCTV,Camera CAM-F3-Storage detected motion detected (confidence 0.92),2025-12-30 14:56:00
636,1,3,Break Area,DOOR_ACCESS_DENIED,LOW,ACCESS_CONTROL,Badge BADGE-0021 denied entry at Break Area (door DOOR-F3-BreakArea),2025-12-30 15:45:00
637,1,1,Meeting Room 1,CCTV_CAMERA_OFFLINE,MEDIUM,CCTV,Camera CAM-F1-MeetingRoom1 detected camera offline (confidence 0.84),2025-12-30 17:15:00
638,1,3,Project Room,CCTV_LOITERING,MEDIUM,CCTV,Camera CAM-F3-ProjectRoom detected loitering (confidence 0.78),2025-12-30 17:43:00
639,1,1,Storage,CCTV_MOTION_DETECTED,MEDIUM,CCTV,Camera CAM-F1-Storage detected motion detected (confidence 0.9),2025-12-30 18:06:00
640,1,2,Storage,AFTER_HOURS_RESTRICTED_ACCESS,MEDIUM,ACCESS_CONTROL,Badge BADGE-0024 accessed Storage outside working hours,2025-12-30 19:18:00
641,1,1,Storage,AFTER_HOURS_RESTRICTED_ACCESS,MEDIUM,ACCESS_CONTROL,Badge BADGE-0067 accessed Storage outside working hours,2025-12-30 19:20:00
642,1,2,Storage,CCTV_LOITERING,HIGH,CCTV,Camera CAM-F2-Storage detected loitering (confidence 0.61),2025-12-30 19:38:00
643,1,2,Common Area,CCTV_TAILGATING,HIGH,CCTV,Camera CAM-F2-CommonArea detected tailgating (confidence 0.96),2025-12-30 19:51:00
644,1,1,Office C,CCTV_LOITERING,MEDIUM,CCTV,Camera CAM-F1-OfficeC detected loitering (confidence 0.6),2025-12-30 21:39:00
